# widthsADWIN, reconstructionErrorTime, driftDecisions, driftLabels
1,0.451669216156,0,0
2,0.383735358715,0,0
3,0.334659427404,0,0
4,0.352817118168,0,0
5,0.425445646048,0,0
6,0.376398742199,0,0
7,0.473872214556,0,0
8,0.339078128338,0,0
9,0.388649910688,0,0
10,0.362173378468,0,0
11,0.374184846878,0,0
12,0.355931341648,0,0
13,0.357010513544,0,0
14,0.349473595619,0,0
15,0.381829380989,0,0
16,0.396496653557,0,0
17,0.441515266895,0,0
18,0.340367913246,0,0
19,0.383752107620,0,0
20,0.340171039104,0,0
21,0.319917500019,0,0
22,0.365840822458,0,0
23,0.338392019272,0,0
24,0.373257815838,0,0
25,0.395740270615,0,0
26,0.391763806343,0,0
27,0.391146153212,0,0
28,0.354750692844,0,0
29,0.374623954296,0,0
30,0.406363427639,0,0
31,0.403304100037,0,0
32,0.321252733469,0,0
33,0.343156784773,0,0
34,0.418513745070,0,0
35,0.354167222977,0,0
36,0.356510341167,0,0
37,0.361396759748,0,0
38,0.441226810217,0,0
39,0.408977806568,0,0
40,0.413799315691,0,0
41,0.398547261953,0,0
42,0.372657746077,0,0
43,0.405465573072,0,0
44,0.366937398911,0,0
45,0.366510540247,0,0
46,0.422959506512,0,0
47,0.366460561752,0,0
48,0.349832773209,0,0
49,0.402831077576,0,0
50,0.361999332905,0,0
51,0.327003151178,0,0
52,0.423297822475,0,0
53,0.315053105354,0,0
54,0.416527718306,0,0
55,0.403565734625,0,0
56,0.392680853605,0,0
57,0.395656943321,0,0
58,0.397137850523,0,0
59,0.409928381443,0,0
60,0.411603480577,0,0
61,0.387328207493,0,0
62,0.409899622202,0,0
63,0.334965229034,0,0
64,0.369439780712,0,0
65,0.364697694778,0,0
66,0.370284497738,0,0
67,0.385812193155,0,0
68,0.430361926556,0,0
69,0.379056185484,0,0
70,0.366034358740,0,0
71,0.392596334219,0,0
72,0.404399961233,0,0
73,0.362419337034,0,0
74,0.406535714865,0,0
75,0.383578747511,0,0
76,0.342804223299,0,0
77,0.361605793238,0,0
78,0.388843297958,0,0
79,0.338809281588,0,0
80,0.401692062616,0,0
81,0.333296626806,0,0
82,0.340313434601,0,0
83,0.415542989969,0,0
84,0.346318095922,0,0
85,0.340296387672,0,0
86,0.375907659531,0,0
87,0.358758509159,0,0
88,0.411759138107,0,0
89,0.367186546326,0,0
90,0.420250445604,0,0
91,0.408469229937,0,0
92,0.358190894127,0,0
93,0.395618051291,0,0
94,0.433576226234,0,0
95,0.388334363699,0,0
96,0.395408004522,0,0
97,0.350770235062,0,0
98,0.362178206444,0,0
99,0.365395933390,0,0
100,0.398505359888,0,0
101,0.386677622795,0,0
102,0.405802220106,0,0
103,0.425771981478,0,0
104,0.432665586472,0,0
105,0.469652920961,0,0
106,0.417292684317,0,0
107,0.384813040495,0,0
108,0.398251116276,0,0
109,0.372287243605,0,0
110,0.485142946243,0,0
111,0.331915438175,0,0
112,0.352650493383,0,0
113,0.448848724365,0,0
114,0.369781881571,0,0
115,0.381810188293,0,0
116,0.386780679226,0,0
117,0.350421667099,0,0
118,0.405504822731,0,0
119,0.394117355347,0,0
120,0.373913317919,0,0
121,0.365128338337,0,0
122,0.422008723021,0,0
123,0.355529934168,0,0
124,0.405525982380,0,0
125,0.401591539383,0,0
126,0.325048983097,0,0
127,0.413157820702,0,0
128,0.353047966957,0,0
129,0.416242480278,0,0
130,0.355730175972,0,0
131,0.388444155455,0,0
132,0.357112824917,0,0
133,0.421333014965,0,0
134,0.374794661999,0,0
135,0.408884853125,0,0
136,0.392064213753,0,0
137,0.360685229301,0,0
138,0.393599569798,0,0
139,0.412029266357,0,0
140,0.374959141016,0,0
141,0.378814399242,0,0
142,0.375897377729,0,0
143,0.414525508881,0,0
144,0.385933637619,0,0
145,0.373867779970,0,0
146,0.329428941011,0,0
147,0.387259811163,0,0
148,0.440945118666,0,0
149,0.383857727051,0,0
150,0.400698930025,0,0
151,0.362460911274,0,0
152,0.360854446888,0,0
153,0.390308529139,0,0
154,0.355805844069,0,0
155,0.367146074772,0,0
156,0.375139504671,0,0
157,0.425557196140,0,0
158,0.343590378761,0,0
159,0.388278245926,0,0
160,0.355509608984,0,0
161,0.342805624008,0,0
162,0.364897847176,0,0
163,0.401134073734,0,0
164,0.396400660276,0,0
165,0.362783223391,0,0
166,0.387784630060,0,0
167,0.368093699217,0,0
168,0.367202490568,0,0
169,0.349071383476,0,0
170,0.418195813894,0,0
171,0.386199384928,0,0
172,0.393445044756,0,0
173,0.400354564190,0,0
174,0.392615675926,0,0
175,0.404380798340,0,0
176,0.360859781504,0,0
177,0.378106862307,0,0
178,0.384728342295,0,0
179,0.376426875591,0,0
180,0.336026370525,0,0
181,0.392054289579,0,0
182,0.391061067581,0,0
183,0.408488303423,0,0
184,0.412203043699,0,0
185,0.394540905952,0,0
186,0.376807630062,0,0
187,0.352957040071,0,0
188,0.388514488935,0,0
189,0.382601559162,0,0
190,0.358645528555,0,0
191,0.380932271481,0,0
192,0.392923474312,0,0
193,0.352658122778,0,0
194,0.416990518570,0,0
195,0.383828520775,0,0
196,0.441781640053,0,0
197,0.407989621162,0,0
198,0.372673898935,0,0
199,0.351617246866,0,0
200,0.399758756161,0,0
201,0.403429061174,0,0
202,0.417603105307,0,0
203,0.394379526377,0,0
204,0.382198512554,0,0
205,0.429613888264,0,0
206,0.409037321806,0,0
207,0.300448447466,0,0
208,0.395706355572,0,0
209,0.342133790255,0,0
210,0.408500224352,0,0
211,0.375934898853,0,0
212,0.414937883615,0,0
213,0.417055934668,0,0
214,0.390016019344,0,0
215,0.409368723631,0,0
216,0.409467369318,0,0
217,0.406666547060,0,0
218,0.334797084332,0,0
219,0.380004525185,0,0
220,0.393234282732,0,0
221,0.346559077501,0,0
222,0.359922289848,0,0
223,0.380939990282,0,0
224,0.369016855955,0,0
225,0.375166207552,0,0
226,0.382269859314,0,0
227,0.376167863607,0,0
228,0.360158532858,0,0
229,0.347849577665,0,0
230,0.412506818771,0,0
231,0.361731380224,0,0
232,0.369041383266,0,0
233,0.340382039547,0,0
234,0.419147461653,0,0
235,0.382126808167,0,0
236,0.413840472698,0,0
237,0.405704528093,0,0
238,0.371135890484,0,0
239,0.346321254969,0,0
240,0.456043869257,0,0
241,0.406431347132,0,0
242,0.376621037722,0,0
243,0.409628033638,0,0
244,0.402384251356,0,0
245,0.402652472258,0,0
246,0.350784540176,0,0
247,0.418960422277,0,0
248,0.376362591982,0,0
249,0.430896848440,0,0
250,0.368007749319,0,0
251,0.357299506664,0,0
252,0.371279865503,0,0
253,0.363694161177,0,0
254,0.391419708729,0,0
255,0.371646344662,0,0
256,0.391543388367,0,0
257,0.421899706125,0,0
258,0.402107089758,0,0
259,0.364474326372,0,0
260,0.361143618822,0,0
261,0.356701612473,0,0
262,0.357249855995,0,0
263,0.391049653292,0,0
264,0.402910172939,0,0
265,0.411807537079,0,0
266,0.392978370190,0,0
267,0.447523593903,0,0
268,0.399682193995,0,0
269,0.393213629723,0,0
270,0.370185256004,0,0
271,0.376723587513,0,0
272,0.414555460215,0,0
273,0.412781417370,0,0
274,0.358918309212,0,0
275,0.377887666225,0,0
276,0.358961522579,0,0
277,0.362945675850,0,0
278,0.398812711239,0,0
279,0.374639809132,0,0
280,0.414092600346,0,0
281,0.369551002979,0,0
282,0.389006644487,0,0
283,0.414492696524,0,0
284,0.366638898849,0,0
285,0.347340613604,0,0
286,0.375540524721,0,0
287,0.363314568996,0,0
288,0.345838218927,0,0
289,0.394901871681,0,0
290,0.434801518917,0,0
291,0.393519848585,0,0
292,0.370993912220,0,0
293,0.375998169184,0,0
294,0.380208075047,0,0
295,0.403008460999,0,0
296,0.410929232836,0,0
297,0.402616977692,0,0
298,0.365511238575,0,0
299,0.317734479904,0,0
300,0.357994794846,0,0
301,0.377787470818,0,0
302,0.339677602053,0,0
303,0.408479958773,0,0
304,0.373160809278,0,0
305,0.331909626722,0,0
306,0.357831865549,0,0
307,0.391179442406,0,0
308,0.343788474798,0,0
309,0.366134107113,0,0
310,0.405815690756,0,0
311,0.421776562929,0,0
312,0.367253631353,0,0
313,0.389560043812,0,0
314,0.341823607683,0,0
315,0.345439404249,0,0
316,0.397995114326,0,0
317,0.420187830925,0,0
318,0.383727699518,0,0
319,0.361111074686,0,0
320,0.463716268539,0,0
321,0.348563522100,0,0
322,0.436831265688,0,0
323,0.461277663708,0,0
324,0.428828358650,0,0
325,0.399494946003,0,0
326,0.368670344353,0,0
327,0.365296334028,0,0
328,0.358767539263,0,0
329,0.420847803354,0,0
330,0.375082790852,0,0
331,0.334421962500,0,0
332,0.352549880743,0,0
333,0.385460257530,0,0
334,0.387524515390,0,0
335,0.382660508156,0,0
336,0.326474547386,0,0
337,0.429660975933,0,0
338,0.383847832680,0,0
339,0.400522083044,0,0
340,0.390144884586,0,0
341,0.377895057201,0,0
342,0.334106832743,0,0
343,0.392222583294,0,0
344,0.389425784349,0,0
345,0.424027025700,0,0
346,0.423236817122,0,0
347,0.382213950157,0,0
348,0.371445178986,0,0
349,0.390310287476,0,0
350,0.386209636927,0,0
351,0.330577284098,0,0
352,0.328442364931,0,0
353,0.417530655861,0,0
354,0.358085006475,0,0
355,0.382781773806,0,0
356,0.370512396097,0,0
357,0.383909672499,0,0
358,0.394357532263,0,0
359,0.357364833355,0,0
360,0.386904418468,0,0
361,0.338683277369,0,0
362,0.333839923143,0,0
363,0.371088862419,0,0
364,0.409226804972,0,0
365,0.363540589809,0,0
366,0.410477697849,0,0
367,0.423632413149,0,0
368,0.368961721659,0,0
369,0.364503681660,0,0
370,0.373878359795,0,0
371,0.388514339924,0,0
372,0.411886602640,0,0
373,0.464538902044,0,0
374,0.348435103893,0,0
375,0.352362483740,0,0
376,0.357831895351,0,0
377,0.375577002764,0,0
378,0.352407932281,0,0
379,0.379857629538,0,0
380,0.402515888214,0,0
381,0.368270218372,0,0
382,0.345681220293,0,0
383,0.405480504036,0,0
384,0.374020516872,0,0
385,0.322221904993,0,0
386,0.399263650179,0,0
387,0.388039171696,0,0
388,0.374805390835,0,0
389,0.372915297747,0,0
390,0.462758630514,0,0
391,0.426694631577,0,0
392,0.396224856377,0,0
393,0.370131909847,0,0
394,0.358397573233,0,0
395,0.381333380938,0,0
396,0.380176156759,0,0
397,0.415444165468,0,0
398,0.411065936089,0,0
399,0.368185579777,0,0
400,0.341197937727,0,0
401,0.423131793737,0,0
402,0.393098294735,0,0
403,0.393551766872,0,0
404,0.426057666540,0,0
405,0.408428817987,0,0
406,0.355652898550,0,0
407,0.386711806059,0,0
408,0.411344468594,0,0
409,0.389811724424,0,0
410,0.373962968588,0,0
411,0.391492217779,0,0
412,0.339039385319,0,0
413,0.374049484730,0,0
414,0.377650141716,0,0
415,0.401237249374,0,0
416,0.366439372301,0,0
417,0.398632884026,0,0
418,0.400372207165,0,0
419,0.405109226704,0,0
420,0.412691801786,0,0
421,0.418575257063,0,0
422,0.349303871393,0,0
423,0.377136200666,0,0
424,0.371158152819,0,0
425,0.394728422165,0,0
426,0.373349934816,0,0
427,0.372164070606,0,0
428,0.378709614277,0,0
429,0.384235739708,0,0
430,0.390806227922,0,0
431,0.381390601397,0,0
432,0.376536875963,0,0
433,0.347912400961,0,0
434,0.424459934235,0,0
435,0.359216213226,0,0
436,0.383792757988,0,0
437,0.367580145597,0,0
438,0.381429553032,0,0
439,0.372914761305,0,0
440,0.360802710056,0,0
441,0.369411230087,0,0
442,0.371129691601,0,0
443,0.403605163097,0,0
444,0.362027764320,0,0
445,0.352573096752,0,0
446,0.419948935509,0,0
447,0.390502035618,0,0
448,0.374596863985,0,0
449,0.398188054562,0,0
450,0.396667838097,0,0
451,0.335410594940,0,0
452,0.339946061373,0,0
453,0.366541743279,0,0
454,0.435982733965,0,0
455,0.364628583193,0,0
456,0.364393591881,0,0
457,0.358870714903,0,0
458,0.404381066561,0,0
459,0.402679115534,0,0
460,0.405660778284,0,0
461,0.366838186979,0,0
462,0.360261738300,0,0
463,0.403992861509,0,0
464,0.403491526842,0,0
465,0.408201873302,0,0
466,0.400739520788,0,0
467,0.381727576256,0,0
468,0.343677699566,0,0
469,0.404929488897,0,0
470,0.390199720860,0,0
471,0.372448831797,0,0
472,0.379840850830,0,0
473,0.402397722006,0,0
474,0.361681669950,0,0
475,0.382997274399,0,0
476,0.367275863886,0,0
477,0.375398069620,0,0
478,0.381546139717,0,0
479,0.373720705509,0,0
480,0.461769044399,0,0
481,0.321158587933,0,0
482,0.409241765738,0,0
483,0.378716796637,0,0
484,0.407474130392,0,0
485,0.327482968569,0,0
486,0.345413804054,0,0
487,0.341251045465,0,0
488,0.364457041025,0,0
489,0.355016380548,0,0
490,0.353278636932,0,0
491,0.385088860989,0,0
492,0.356220960617,0,0
493,0.410127997398,0,0
494,0.370255351067,0,0
495,0.430716484785,0,0
496,0.356699258089,0,0
497,0.372277170420,0,0
498,0.316074788570,0,0
499,0.379248052835,0,0
500,0.346796393394,0,0
501,0.337071597576,0,0
502,0.382439732552,0,0
503,0.398254275322,0,0
504,0.371468216181,0,0
505,0.371314793825,0,0
506,0.401172310114,0,0
507,0.357094585896,0,0
508,0.382491737604,0,0
509,0.368087708950,0,0
510,0.407034784555,0,0
511,0.427441835403,0,0
512,0.395635485649,0,0
513,0.334152400494,0,0
514,0.403277307749,0,0
515,0.384293407202,0,0
516,0.406320095062,0,0
517,0.411501586437,0,0
518,0.413585811853,0,0
519,0.329949408770,0,0
520,0.395339041948,0,0
521,0.333871990442,0,0
522,0.384859681129,0,0
523,0.306285440922,0,0
524,0.377700269222,0,0
525,0.406460791826,0,0
526,0.371375292540,0,0
527,0.382639765739,0,0
528,0.339595794678,0,0
529,0.353713810444,0,0
530,0.353910744190,0,0
531,0.367977917194,0,0
532,0.344738751650,0,0
533,0.353638291359,0,0
534,0.434201121330,0,0
535,0.361836522818,0,0
536,0.399733275175,0,0
537,0.379799842834,0,0
538,0.450250715017,0,0
539,0.407779783010,0,0
540,0.354600340128,0,0
541,0.407084405422,0,0
542,0.347261518240,0,0
543,0.404692649841,0,0
544,0.371576368809,0,0
545,0.349483847618,0,0
546,0.386908799410,0,0
547,0.364166110754,0,0
548,0.413408100605,0,0
549,0.350638180971,0,0
550,0.364207655191,0,0
551,0.320562839508,0,0
552,0.337024182081,0,0
553,0.402787744999,0,0
554,0.394559413195,0,0
555,0.359370470047,0,0
556,0.419810414314,0,0
557,0.346577882767,0,0
558,0.357887893915,0,0
559,0.370447993279,0,0
560,0.427617937326,0,0
561,0.381478488445,0,0
562,0.379697412252,0,0
563,0.432883828878,0,0
564,0.432836920023,0,0
565,0.446460604668,0,0
566,0.369904518127,0,0
567,0.371164202690,0,0
568,0.385758399963,0,0
569,0.347663581371,0,0
570,0.392946064472,0,0
571,0.379382193089,0,0
572,0.397516876459,0,0
573,0.363384008408,0,0
574,0.410383820534,0,0
575,0.414087951183,0,0
576,0.386058390141,0,0
577,0.364778518677,0,0
578,0.387572556734,0,0
579,0.372931808233,0,0
580,0.361004710197,0,0
581,0.368800193071,0,0
582,0.392088949680,0,0
583,0.370684236288,0,0
584,0.385183781385,0,0
585,0.389275163412,0,0
586,0.337177067995,0,0
587,0.343505829573,0,0
588,0.340667158365,0,0
589,0.369831413031,0,0
590,0.393582880497,0,0
591,0.441268384457,0,0
592,0.407124906778,0,0
593,0.374293565750,0,0
594,0.395771920681,0,0
595,0.459689170122,0,0
596,0.399634927511,0,0
597,0.383916616440,0,0
598,0.410419285297,0,0
599,0.356799632311,0,0
600,0.358234703541,0,0
601,0.383960783482,0,0
602,0.303256899118,0,0
603,0.328175038099,0,0
604,0.359336614609,0,0
605,0.368814915419,0,0
606,0.386833935976,0,0
607,0.413602948189,0,0
608,0.342513203621,0,0
609,0.382234364748,0,0
610,0.360262930393,0,0
611,0.360295653343,0,0
612,0.377072483301,0,0
613,0.351128995419,0,0
614,0.337328046560,0,0
615,0.416380852461,0,0
616,0.380366593599,0,0
617,0.387745112181,0,0
618,0.362361162901,0,0
619,0.385391920805,0,0
620,0.404045671225,0,0
621,0.343725919724,0,0
622,0.411271005869,0,0
623,0.385547786951,0,0
624,0.396143734455,0,0
625,0.322628438473,0,0
626,0.378310978413,0,0
627,0.386972337961,0,0
628,0.361674100161,0,0
629,0.392136424780,0,0
630,0.409932762384,0,0
631,0.402808696032,0,0
632,0.351582676172,0,0
633,0.371467053890,0,0
634,0.456862539053,0,0
635,0.411578416824,0,0
636,0.390277624130,0,0
637,0.396373659372,0,0
638,0.381072044373,0,0
639,0.374905407429,0,0
640,0.383238703012,0,0
641,0.343613058329,0,0
642,0.381924629211,0,0
643,0.352988004684,0,0
644,0.368224114180,0,0
645,0.461677283049,0,0
646,0.369034886360,0,0
647,0.362081915140,0,0
648,0.378983229399,0,0
649,0.377292305231,0,0
650,0.354899078608,0,0
651,0.436032146215,0,0
652,0.385984152555,0,0
653,0.385948747396,0,0
654,0.383783280849,0,0
655,0.343774229288,0,0
656,0.377750962973,0,0
657,0.414816886187,0,0
658,0.353850781918,0,0
659,0.396977186203,0,0
660,0.384135335684,0,0
661,0.357101559639,0,0
662,0.329043596983,0,0
663,0.497186541557,0,0
664,0.371697604656,0,0
665,0.372676074505,0,0
666,0.385030955076,0,0
667,0.414165616035,0,0
668,0.355869323015,0,0
669,0.361801981926,0,0
670,0.404166996479,0,0
671,0.357871651649,0,0
672,0.399916023016,0,0
673,0.395077824593,0,0
674,0.339751541615,0,0
675,0.365084707737,0,0
676,0.353254586458,0,0
677,0.391592830420,0,0
678,0.355896413326,0,0
679,0.366520345211,0,0
680,0.358809113503,0,0
681,0.370069414377,0,0
682,0.393138051033,0,0
683,0.392616719007,0,0
684,0.439467996359,0,0
685,0.398746669292,0,0
686,0.369864612818,0,0
687,0.378217786551,0,0
688,0.400953829288,0,0
689,0.395829260349,0,0
690,0.376167118549,0,0
691,0.397782504559,0,0
692,0.372976511717,0,0
693,0.376064449549,0,0
694,0.424599915743,0,0
695,0.423256188631,0,0
696,0.351753950119,0,0
697,0.412401795387,0,0
698,0.337070196867,0,0
699,0.337787240744,0,0
700,0.381595224142,0,0
701,0.383653968573,0,0
702,0.407723128796,0,0
703,0.412674039602,0,0
704,0.420933932066,0,0
705,0.376088649035,0,0
706,0.365809172392,0,0
707,0.404593497515,0,0
708,0.416139632463,0,0
709,0.380696684122,0,0
710,0.368440836668,0,0
711,0.344992637634,0,0
712,0.359803289175,0,0
713,0.413488000631,0,0
714,0.391566485167,0,0
715,0.373931944370,0,0
716,0.406204253435,0,0
717,0.383570343256,0,0
718,0.405328959227,0,0
719,0.381374329329,0,0
720,0.362542480230,0,0
721,0.325283139944,0,0
722,0.374154716730,0,0
723,0.347629100084,0,0
724,0.392070084810,0,0
725,0.362980574369,0,0
726,0.374407589436,0,0
727,0.420015960932,0,0
728,0.350363343954,0,0
729,0.359193414450,0,0
730,0.409201204777,0,0
731,0.387976586819,0,0
732,0.368780404329,0,0
733,0.415106564760,0,0
734,0.349619328976,0,0
735,0.422553449869,0,0
736,0.359939992428,0,0
737,0.375872910023,0,0
738,0.381663203239,0,0
739,0.396789044142,0,0
740,0.415791779757,0,0
741,0.342989116907,0,0
742,0.372640341520,0,0
743,0.458481848240,0,0
744,0.359910190105,0,0
745,0.374542534351,0,0
746,0.381498187780,0,0
747,0.359135687351,0,0
748,0.403095483780,0,0
749,0.357388198376,0,0
750,0.406289637089,0,0
751,0.426189363003,0,0
752,0.344901055098,0,0
753,0.468540847301,0,0
754,0.431047648191,0,0
755,0.369867205620,0,0
756,0.338890165091,0,0
757,0.407007724047,0,0
758,0.365652561188,0,0
759,0.445063173771,0,0
760,0.381009608507,0,0
761,0.338708966970,0,0
762,0.362252831459,0,0
763,0.414541125298,0,0
764,0.374214380980,0,0
765,0.323231518269,0,0
766,0.429956287146,0,0
767,0.357511043549,0,0
768,0.391922861338,0,0
769,0.369233936071,0,0
770,0.381369501352,0,0
771,0.412904858589,0,0
772,0.386821925640,0,0
773,0.367663711309,0,0
774,0.404930025339,0,0
775,0.441634148359,0,0
776,0.411316096783,0,0
777,0.395820498466,0,0
778,0.398738682270,0,0
779,0.385839998722,0,0
780,0.376301854849,0,0
781,0.375436216593,0,0
782,0.338648498058,0,0
783,0.336143940687,0,0
784,0.407115757465,0,0
785,0.300598978996,0,0
786,0.387311726809,0,0
787,0.382783025503,0,0
788,0.418526887894,0,0
789,0.383033543825,0,0
790,0.379047900438,0,0
791,0.382960289717,0,0
792,0.397239863873,0,0
793,0.369841068983,0,0
794,0.411856979132,0,0
795,0.374350070953,0,0
796,0.381790280342,0,0
797,0.328132331371,0,0
798,0.366624712944,0,0
799,0.407582759857,0,0
800,0.374225944281,0,0
801,0.372080653906,0,0
802,0.372867435217,0,0
803,0.347888290882,0,0
804,0.405432403088,0,0
805,0.339865833521,0,0
806,0.355449557304,0,0
807,0.333290070295,0,0
808,0.385707914829,0,0
809,0.392621755600,0,0
810,0.441062271595,0,0
811,0.388141065836,0,0
812,0.350715637207,0,0
813,0.345311135054,0,0
814,0.368209540844,0,0
815,0.378091990948,0,0
816,0.404310822487,0,0
817,0.344561398029,0,0
818,0.427978247404,0,0
819,0.375267475843,0,0
820,0.349368184805,0,0
821,0.353833854198,0,0
822,0.378672271967,0,0
823,0.333740592003,0,0
824,0.389481067657,0,0
825,0.380995184183,0,0
826,0.368993937969,0,0
827,0.361533313990,0,0
828,0.410144835711,0,0
829,0.374414086342,0,0
830,0.344044595957,0,0
831,0.371574878693,0,0
832,0.344633102417,0,0
833,0.391703039408,0,0
834,0.365599334240,0,0
835,0.382195174694,0,0
836,0.436575621367,0,0
837,0.374487072229,0,0
838,0.384631812572,0,0
839,0.356599509716,0,0
840,0.378930151463,0,0
841,0.369895011187,0,0
842,0.337542891502,0,0
843,0.365761101246,0,0
844,0.330608546734,0,0
845,0.425196439028,0,0
846,0.406116604805,0,0
847,0.483548969030,0,0
848,0.399412900209,0,0
849,0.386795789003,0,0
850,0.417852461338,0,0
851,0.388806998730,0,0
852,0.372551560402,0,0
853,0.428952693939,0,0
854,0.405006647110,0,0
855,0.406181335449,0,0
856,0.387062221766,0,0
857,0.466124027967,0,0
858,0.353563696146,0,0
859,0.377862304449,0,0
860,0.321330279112,0,0
861,0.355341881514,0,0
862,0.420191228390,0,0
863,0.421602129936,0,0
864,0.330620020628,0,0
865,0.400582283735,0,0
866,0.432205319405,0,0
867,0.397311151028,0,0
868,0.366328865290,0,0
869,0.379396200180,0,0
870,0.347292423248,0,0
871,0.397917330265,0,0
872,0.368078440428,0,0
873,0.388925045729,0,0
874,0.346153259277,0,0
875,0.368852704763,0,0
876,0.387061506510,0,0
877,0.375260323286,0,0
878,0.328316360712,0,0
879,0.415646791458,0,0
880,0.432714909315,0,0
881,0.364733010530,0,0
882,0.442139387131,0,0
883,0.330031514168,0,0
884,0.342414468527,0,0
885,0.408727616072,0,0
886,0.404391288757,0,0
887,0.411192923784,0,0
888,0.424772441387,0,0
889,0.377118915319,0,0
890,0.421386569738,0,0
891,0.376409530640,0,0
892,0.406397163868,0,0
893,0.374907255173,0,0
894,0.451155751944,0,0
895,0.372289925814,0,0
896,0.337171524763,0,0
897,0.425449669361,0,0
898,0.369118332863,0,0
899,0.373785763979,0,0
900,0.373091250658,0,0
901,0.404263794422,0,0
902,0.356886655092,0,0
903,0.378685951233,0,0
904,0.349547535181,0,0
905,0.377131313086,0,0
906,0.381313711405,0,0
907,0.381272226572,0,0
908,0.304741442204,0,0
909,0.372326731682,0,0
910,0.395865380764,0,0
911,0.408574640751,0,0
912,0.449923068285,0,0
913,0.400309830904,0,0
914,0.370360255241,0,0
915,0.381683260202,0,0
916,0.381632715464,0,0
917,0.368157744408,0,0
918,0.411759614944,0,0
919,0.369862407446,0,0
920,0.350531101227,0,0
921,0.332609653473,0,0
922,0.396449387074,0,0
923,0.374130725861,0,0
924,0.386518180370,0,0
925,0.435964643955,0,0
926,0.405144870281,0,0
927,0.347630411386,0,0
928,0.419984161854,0,0
929,0.400687098503,0,0
930,0.356682986021,0,0
931,0.380091309547,0,0
932,0.366045832634,0,0
933,0.389520943165,0,0
934,0.393536239862,0,0
935,0.371399700642,0,0
936,0.327412247658,0,0
937,0.401428788900,0,0
938,0.445249497890,0,0
939,0.396365344524,0,0
940,0.401392072439,0,0
941,0.397676497698,0,0
942,0.380055218935,0,0
943,0.408450782299,0,0
944,0.387296527624,0,0
945,0.381960570812,0,0
946,0.396427303553,0,0
947,0.355787605047,0,0
948,0.368033856153,0,0
949,0.385894000530,0,0
950,0.376144886017,0,0
951,0.408133536577,0,0
952,0.382053643465,0,0
953,0.400716722012,0,0
954,0.436037749052,0,0
955,0.395758599043,0,0
956,0.387511491776,0,0
957,0.321458369493,0,0
958,0.442880511284,0,0
959,0.385597169399,0,0
960,0.386926084757,0,0
961,0.386277019978,0,0
962,0.300923526287,0,0
963,0.375106006861,0,0
964,0.362692952156,0,0
965,0.354970455170,0,0
966,0.377683669329,0,0
967,0.360959500074,0,0
968,0.340158790350,0,0
969,0.379058659077,0,0
970,0.419865101576,0,0
971,0.360401004553,0,0
972,0.318958342075,0,0
973,0.365708023310,0,0
974,0.345185071230,0,0
975,0.376560568810,0,0
976,0.407653987408,0,0
977,0.388955056667,0,0
978,0.369268178940,0,0
979,0.360083401203,0,0
980,0.422479391098,0,0
981,0.447412967682,0,0
982,0.379060357809,0,0
983,0.443380534649,0,0
984,0.333941638470,0,0
985,0.352424204350,0,0
986,0.372290968895,0,0
987,0.387872695923,0,0
988,0.392891496420,0,0
989,0.348561823368,0,0
990,0.413054347038,0,0
991,0.413337558508,0,0
992,0.379725396633,0,0
993,0.382831603289,0,0
994,0.374692440033,0,0
995,0.370581626892,0,0
996,0.397624939680,0,0
997,0.363703817129,0,0
998,0.374784886837,0,0
999,0.370524406433,0,0
1000,0.386386275291,0,0
1001,0.890194714069,0,1
1002,1.143982529640,0,0
1003,1.193220376968,0,0
1004,1.087280273438,0,0
1005,1.373719573021,0,0
1006,1.489145278931,0,0
1007,1.261900424957,0,0
1008,1.379185795784,0,0
1009,1.175508379936,0,0
1010,1.278254747391,0,0
1011,1.165555715561,0,0
1012,1.201321244240,0,0
1013,1.115287661552,0,0
1014,1.148957848549,0,0
1015,1.431922435760,0,0
1016,1.098822355270,0,0
1017,1.134589910507,0,0
1018,1.194781541824,0,0
1019,1.269924283028,0,0
1020,1.108663558960,0,0
1021,1.063052535057,0,0
1022,1.355102658272,0,0
1023,1.144217848778,0,0
0,1.198144674301,1,0
1,0.505019843578,0,0
2,0.519729852676,0,0
3,0.501350343227,0,0
4,0.516909003258,0,0
5,0.457231342793,0,0
6,0.420758813620,0,0
7,0.530087351799,0,0
8,0.499819874763,0,0
9,0.534853100777,0,0
10,0.488726526499,0,0
11,0.561084568501,0,0
12,0.560474097729,0,0
13,0.421092063189,0,0
14,0.519006967545,0,0
15,0.508015751839,0,0
16,0.515813052654,0,0
17,0.519010841846,0,0
18,0.487475365400,0,0
19,0.505964100361,0,0
20,0.532534539700,0,0
21,0.568035781384,0,0
22,0.490880489349,0,0
23,0.446075618267,0,0
24,0.663912117481,0,0
25,0.452574402094,0,0
26,0.477739065886,0,0
27,0.456896394491,0,0
28,0.493670701981,0,0
29,0.464098572731,0,0
30,0.510587155819,0,0
31,0.495678097010,0,0
32,0.433486670256,0,0
33,0.469712644815,0,0
34,0.523589730263,0,0
35,0.477157682180,0,0
36,0.474740356207,0,0
37,0.569335281849,0,0
38,0.488534241915,0,0
39,0.490242898464,0,0
40,0.499511748552,0,0
41,0.494168460369,0,0
42,0.495668113232,0,0
43,0.497790247202,0,0
44,0.502295315266,0,0
45,0.541163384914,0,0
46,0.488724827766,0,0
47,0.437234342098,0,0
48,0.409515529871,0,0
49,0.501683592796,0,0
50,0.511962234974,0,0
51,0.491313040257,0,0
52,0.545992016792,0,0
53,0.471159905195,0,0
54,0.637617468834,0,0
55,0.450432986021,0,0
56,0.567613184452,0,0
57,0.531480729580,0,0
58,0.574802160263,0,0
59,0.546554684639,0,0
60,0.432484209538,0,0
61,0.464927583933,0,0
62,0.464793443680,0,0
63,0.498615473509,0,0
64,0.419326901436,0,0
65,0.429374128580,0,0
66,0.507772028446,0,0
67,0.598276019096,0,0
68,0.556071937084,0,0
69,0.452215343714,0,0
70,0.468161672354,0,0
71,0.477018326521,0,0
72,0.498707830906,0,0
73,0.492111235857,0,0
74,0.473727911711,0,0
75,0.493728280067,0,0
76,0.472716718912,0,0
77,0.452426373959,0,0
78,0.470561474562,0,0
79,0.504840075970,0,0
80,0.490710288286,0,0
81,0.619056880474,0,0
82,0.531327605247,0,0
83,0.480531185865,0,0
84,0.464063286781,0,0
85,0.578281939030,0,0
86,0.545970439911,0,0
87,0.517972826958,0,0
88,0.482622146606,0,0
89,0.529222667217,0,0
90,0.447625756264,0,0
91,0.474090278149,0,0
92,0.469615638256,0,0
93,0.576849460602,0,0
94,0.502094030380,0,0
95,0.503336429596,0,0
96,0.517515718937,0,0
97,0.423554331064,0,0
98,0.503297209740,0,0
99,0.516340911388,0,0
100,0.756158351898,0,0
101,0.432800292969,0,0
102,0.496371954679,0,0
103,0.554786264896,0,0
104,0.489669770002,0,0
105,0.433819472790,0,0
106,0.595598399639,0,0
107,0.470770597458,0,0
108,0.431367546320,0,0
109,0.480541497469,0,0
110,0.410158544779,0,0
111,0.441898941994,0,0
112,0.528750300407,0,0
113,0.505570292473,0,0
114,0.532786726952,0,0
115,0.531976580620,0,0
116,0.542489945889,0,0
117,0.419540733099,0,0
118,0.589933156967,0,0
119,0.491403490305,0,0
120,0.487300366163,0,0
121,0.464130997658,0,0
122,0.465759724379,0,0
123,0.546110451221,0,0
124,0.509144961834,0,0
125,0.451973825693,0,0
126,0.518345355988,0,0
127,0.509807288647,0,0
128,0.503012180328,0,0
129,0.473185718060,0,0
130,0.545170545578,0,0
131,0.412987560034,0,0
132,0.450034558773,0,0
133,0.475771933794,0,0
134,0.405974864960,0,0
135,0.525639653206,0,0
136,0.401526361704,0,0
137,0.503570616245,0,0
138,0.494293749332,0,0
139,0.534431099892,0,0
140,0.490491449833,0,0
141,0.492109417915,0,0
142,0.416773855686,0,0
143,0.543683707714,0,0
144,0.480591356754,0,0
145,0.478372722864,0,0
146,0.522111475468,0,0
147,0.489790618420,0,0
148,0.503482460976,0,0
149,0.470024764538,0,0
150,0.439141601324,0,0
151,0.561952352524,0,0
152,0.477623760700,0,0
153,0.507354080677,0,0
154,0.613110780716,0,0
155,0.510272502899,0,0
156,0.642766833305,0,0
157,0.428708672523,0,0
158,0.506728589535,0,0
159,0.408043980598,0,0
160,0.701691865921,0,0
161,0.462834209204,0,0
162,0.545478284359,0,0
163,0.577356398106,0,0
164,0.525436282158,0,0
165,0.581448614597,0,0
166,0.408921390772,0,0
167,0.623855650425,0,0
168,0.511651933193,0,0
169,0.510567367077,0,0
170,0.538946688175,0,0
171,0.452231913805,0,0
172,0.504301369190,0,0
173,0.458421975374,0,0
174,0.423821717501,0,0
175,0.525457024574,0,0
176,0.521237909794,0,0
177,0.466524302959,0,0
178,0.472387671471,0,0
179,0.555409431458,0,0
180,0.515824317932,0,0
181,0.518262147903,0,0
182,0.565449714661,0,0
183,0.498394072056,0,0
184,0.499800682068,0,0
185,0.484202295542,0,0
186,0.482073903084,0,0
187,0.564880549908,0,0
188,0.498871296644,0,0
189,0.558217585087,0,0
190,0.450713008642,0,0
191,0.559912800789,0,0
192,0.482587099075,0,0
193,0.454965353012,0,0
194,0.513963401318,0,0
195,0.570870578289,0,0
196,0.590882003307,0,0
197,0.470379769802,0,0
198,0.487330704927,0,0
199,0.452020108700,0,0
200,0.532789528370,0,0
201,0.549019515514,0,0
202,0.659720659256,0,0
203,0.452479392290,0,0
204,0.645886421204,0,0
205,0.469142943621,0,0
206,0.577302455902,0,0
207,0.514992535114,0,0
208,0.477320104837,0,0
209,0.496546059847,0,0
210,0.474243193865,0,0
211,0.502890169621,0,0
212,0.508798360825,0,0
213,0.566055536270,0,0
214,0.477084338665,0,0
215,0.484850794077,0,0
216,0.575202047825,0,0
217,0.439432173967,0,0
218,0.458291381598,0,0
219,0.576073348522,0,0
220,0.559752881527,0,0
221,0.495451092720,0,0
222,0.472858816385,0,0
223,0.511634469032,0,0
224,0.527364432812,0,0
225,0.600720405579,0,0
226,0.462249726057,0,0
227,0.508023738861,0,0
228,0.500443160534,0,0
229,0.514198839664,0,0
230,0.519778549671,0,0
231,0.450059175491,0,0
232,0.520968198776,0,0
233,0.562840223312,0,0
234,0.462543129921,0,0
235,0.554166853428,0,0
236,0.443705618382,0,0
237,0.442860156298,0,0
238,0.444900333881,0,0
239,0.467269718647,0,0
240,0.532849490643,0,0
241,0.464897155762,0,0
242,0.459840953350,0,0
243,0.512257814407,0,0
244,0.453979253769,0,0
245,0.489067077637,0,0
246,0.449788808823,0,0
247,0.452259510756,0,0
248,0.474148541689,0,0
249,0.472862958908,0,0
250,0.504033625126,0,0
251,0.433823287487,0,0
252,0.519738078117,0,0
253,0.519566178322,0,0
254,0.600537300110,0,0
255,0.486087828875,0,0
256,0.580782890320,0,0
257,0.503565788269,0,0
258,0.467809945345,0,0
259,0.516435742378,0,0
260,0.507492601871,0,0
261,0.524848937988,0,0
262,0.511603355408,0,0
263,0.487113654613,0,0
264,0.538399696350,0,0
265,0.564231276512,0,0
266,0.399856984615,0,0
267,0.487508118153,0,0
268,0.573127985001,0,0
269,0.415783017874,0,0
270,0.448110520840,0,0
271,0.537941098213,0,0
272,0.446425586939,0,0
273,0.506125509739,0,0
274,0.464403837919,0,0
275,0.473146110773,0,0
276,0.508022427559,0,0
277,0.556577980518,0,0
278,0.546828150749,0,0
279,0.635399639606,0,0
280,0.437436819077,0,0
281,0.615421473980,0,0
282,0.391996264458,0,0
283,0.668614089489,0,0
284,0.488283813000,0,0
285,0.451340734959,0,0
286,0.506111025810,0,0
287,0.508724987507,0,0
288,0.583175539970,0,0
289,0.492496341467,0,0
290,0.496279060841,0,0
291,0.502739429474,0,0
292,0.448195397854,0,0
293,0.506270468235,0,0
294,0.506805419922,0,0
295,0.474416285753,0,0
296,0.588943064213,0,0
297,0.446187376976,0,0
298,0.540413796902,0,0
299,0.534384667873,0,0
300,0.627941548824,0,0
301,0.436033993959,0,0
302,0.521350681782,0,0
303,0.451995640993,0,0
304,0.409732669592,0,0
305,0.532715678215,0,0
306,0.540155768394,0,0
307,0.491158992052,0,0
308,0.503881275654,0,0
309,0.436468839645,0,0
310,0.441219687462,0,0
311,0.572653114796,0,0
312,0.526761710644,0,0
313,0.632304489613,0,0
314,0.561146259308,0,0
315,0.467906802893,0,0
316,0.510944604874,0,0
317,0.476591467857,0,0
318,0.560455858707,0,0
319,0.503996551037,0,0
320,0.524066209793,0,0
321,0.663055717945,0,0
322,0.449208587408,0,0
323,0.556354820728,0,0
324,0.418547868729,0,0
325,0.386837959290,0,0
326,0.520612239838,0,0
327,0.570376515388,0,0
328,0.514442801476,0,0
329,0.575801968575,0,0
330,0.440959006548,0,0
331,0.502304136753,0,0
332,0.515448153019,0,0
333,0.419527500868,0,0
334,0.540892720222,0,0
335,0.491187155247,0,0
336,0.483673989773,0,0
337,0.486885547638,0,0
338,0.528107464314,0,0
339,0.493782699108,0,0
340,0.574966311455,0,0
341,0.495407670736,0,0
342,0.570859432220,0,0
343,0.451320290565,0,0
344,0.438242703676,0,0
345,0.496142417192,0,0
346,0.488812029362,0,0
347,0.479368746281,0,0
348,0.568568766117,0,0
349,0.600577473640,0,0
350,0.498844206333,0,0
351,0.507745444775,0,0
352,0.525102138519,0,0
353,0.541432678699,0,0
354,0.515503466129,0,0
355,0.482868641615,0,0
356,0.429092913866,0,0
357,0.544635474682,0,0
358,0.457463681698,0,0
359,0.549241423607,0,0
360,0.508544981480,0,0
361,0.538879275322,0,0
362,0.417950063944,0,0
363,0.451398849487,0,0
364,0.512802779675,0,0
365,0.492325603962,0,0
366,0.540283799171,0,0
367,0.506893873215,0,0
368,0.513843536377,0,0
369,0.536482930183,0,0
370,0.463326305151,0,0
371,0.451234042645,0,0
372,0.506339371204,0,0
373,0.585605084896,0,0
374,0.535580635071,0,0
375,0.579878032207,0,0
376,0.536905646324,0,0
377,0.432514280081,0,0
378,0.528308928013,0,0
379,0.489200562239,0,0
380,0.549379587173,0,0
381,0.500687420368,0,0
382,0.490993380547,0,0
383,0.644783139229,0,0
384,0.506323575974,0,0
385,0.553684830666,0,0
386,0.435219585896,0,0
387,0.451576888561,0,0
388,0.621970832348,0,0
389,0.438771963120,0,0
390,0.467935085297,0,0
391,0.413320809603,0,0
392,0.536436140537,0,0
393,0.493402659893,0,0
394,0.501717329025,0,0
395,0.498891830444,0,0
396,0.419857323170,0,0
397,0.496499121189,0,0
398,0.451944738626,0,0
399,0.526859164238,0,0
400,0.507814645767,0,0
401,0.504269063473,0,0
402,0.500113189220,0,0
403,0.499318689108,0,0
404,0.584315359592,0,0
405,0.492104172707,0,0
406,0.463477104902,0,0
407,0.521882772446,0,0
408,0.583213627338,0,0
409,0.395586818457,0,0
410,0.535367965698,0,0
411,0.526206731796,0,0
412,0.409910351038,0,0
413,0.597794651985,0,0
414,0.417724907398,0,0
415,0.380425781012,0,0
416,0.551445126534,0,0
417,0.515684962273,0,0
418,0.496335119009,0,0
419,0.446473509073,0,0
420,0.501266717911,0,0
421,0.546317160130,0,0
422,0.472419679165,0,0
423,0.419222861528,0,0
424,0.513083279133,0,0
425,0.403869271278,0,0
426,0.476944535971,0,0
427,0.515946626663,0,0
428,0.525336503983,0,0
429,0.402203321457,0,0
430,0.425954043865,0,0
431,0.479647964239,0,0
432,0.490488350391,0,0
433,0.416912019253,0,0
434,0.523413658142,0,0
435,0.493520617485,0,0
436,0.383584707975,0,0
437,0.414519906044,0,0
438,0.494362920523,0,0
439,0.530456364155,0,0
440,0.490684866905,0,0
441,0.503402709961,0,0
442,0.467708885670,0,0
443,0.410102993250,0,0
444,0.509877681732,0,0
445,0.484012126923,0,0
446,0.499456852674,0,0
447,0.552923798561,0,0
448,0.527346014977,0,0
449,0.404195547104,0,0
450,0.593186557293,0,0
451,0.472265779972,0,0
452,0.520856022835,0,0
453,0.429601669312,0,0
454,0.424781709909,0,0
455,0.405052483082,0,0
456,0.412975519896,0,0
457,0.546562969685,0,0
458,0.456317156553,0,0
459,0.488153934479,0,0
460,0.464698761702,0,0
461,0.393404841423,0,0
462,0.435483455658,0,0
463,0.547683954239,0,0
464,0.543864965439,0,0
465,0.427209287882,0,0
466,0.471485018730,0,0
467,0.516886472702,0,0
468,0.533289909363,0,0
469,0.500658094883,0,0
470,0.427595376968,0,0
471,0.469679117203,0,0
472,0.504529654980,0,0
473,0.529614090919,0,0
474,0.539389669895,0,0
475,0.403627693653,0,0
476,0.560067594051,0,0
477,0.494297653437,0,0
478,0.515297591686,0,0
479,0.450546413660,0,0
480,0.569482147694,0,0
481,0.600556671619,0,0
482,0.562532305717,0,0
483,0.481854110956,0,0
484,0.433791220188,0,0
485,0.449400126934,0,0
486,0.438576281071,0,0
487,0.446496009827,0,0
488,0.599785566330,0,0
489,0.428350776434,0,0
490,0.549289166927,0,0
491,0.463861346245,0,0
492,0.502067208290,0,0
493,0.514473438263,0,0
494,0.530904412270,0,0
495,0.607172966003,0,0
496,0.549647808075,0,0
497,0.544260263443,0,0
498,0.381540387869,0,0
499,0.525519609451,0,0
500,0.481929719448,0,0
501,0.370981663465,0,0
502,0.524703145027,0,0
503,0.423512697220,0,0
504,0.380809396505,0,0
505,0.469459712505,0,0
506,0.496234893799,0,0
507,0.469120144844,0,0
508,0.482981413603,0,0
509,0.494564473629,0,0
510,0.557738900185,0,0
511,0.449495464563,0,0
512,0.490598291159,0,0
513,0.468667238951,0,0
514,0.514325857162,0,0
515,0.387893408537,0,0
516,0.444702267647,0,0
517,0.464908719063,0,0
518,0.541501879692,0,0
519,0.505650341511,0,0
520,0.549621522427,0,0
521,0.529036462307,0,0
522,0.491165131330,0,0
523,0.466616421938,0,0
524,0.422768771648,0,0
525,0.512962520123,0,0
526,0.441012203693,0,0
527,0.440948218107,0,0
528,0.498663038015,0,0
529,0.558492600918,0,0
530,0.539055645466,0,0
531,0.466102778912,0,0
532,0.507277965546,0,0
533,0.450883537531,0,0
534,0.468608051538,0,0
535,0.533857584000,0,0
536,0.476727783680,0,0
537,0.443255722523,0,0
538,0.461118817329,0,0
539,0.416847676039,0,0
540,0.447661072016,0,0
541,0.477527409792,0,0
542,0.480970054865,0,0
543,0.514152705669,0,0
544,0.459610164165,0,0
545,0.427196443081,0,0
546,0.465903252363,0,0
547,0.556147336960,0,0
548,0.445966064930,0,0
549,0.520729720592,0,0
550,0.408100932837,0,0
551,0.476331233978,0,0
552,0.477342605591,0,0
553,0.381741762161,0,0
554,0.447047322989,0,0
555,0.551438152790,0,0
556,0.506157994270,0,0
557,0.493280112743,0,0
558,0.520467340946,0,0
559,0.459412544966,0,0
560,0.504713833332,0,0
561,0.504027366638,0,0
562,0.447649359703,0,0
563,0.582831025124,0,0
564,0.468831628561,0,0
565,0.458187431097,0,0
566,0.529590785503,0,0
567,0.546334445477,0,0
568,0.389639347792,0,0
569,0.460553646088,0,0
570,0.474576115608,0,0
571,0.550956845284,0,0
572,0.476964145899,0,0
573,0.462838560343,0,0
574,0.509307265282,0,0
575,0.460086852312,0,0
576,0.497530251741,0,0
577,0.445240974426,0,0
578,0.497737795115,0,0
579,0.522373676300,0,0
580,0.501422762871,0,0
581,0.543484807014,0,0
582,0.502458035946,0,0
583,0.424659222364,0,0
584,0.423522859812,0,0
585,0.534969985485,0,0
586,0.515296518803,0,0
587,0.476402729750,0,0
588,0.506772518158,0,0
589,0.616001367569,0,0
590,0.436475723982,0,0
591,0.467145144939,0,0
592,0.462100774050,0,0
593,0.481803059578,0,0
594,0.488873749971,0,0
595,0.475002676249,0,0
596,0.449517101049,0,0
597,0.509496688843,0,0
598,0.592997789383,0,0
599,0.504560351372,0,0
600,0.412819564342,0,0
601,0.469107419252,0,0
602,0.520968437195,0,0
603,0.515536129475,0,0
604,0.501387000084,0,0
605,0.517337381840,0,0
606,0.507924973965,0,0
607,0.471771389246,0,0
608,0.435836613178,0,0
609,0.479522675276,0,0
610,0.537810981274,0,0
611,0.475888013840,0,0
612,0.578522443771,0,0
613,0.437516212463,0,0
614,0.429856985807,0,0
615,0.500898361206,0,0
616,0.460801094770,0,0
617,0.546114563942,0,0
618,0.423166036606,0,0
619,0.492795109749,0,0
620,0.476904034615,0,0
621,0.458330452442,0,0
622,0.427567481995,0,0
623,0.510611891747,0,0
624,0.435112237930,0,0
625,0.532384276390,0,0
626,0.522210717201,0,0
627,0.537315070629,0,0
628,0.397793054581,0,0
629,0.442134827375,0,0
630,0.389545768499,0,0
631,0.494849324226,0,0
632,0.508555114269,0,0
633,0.517130792141,0,0
634,0.517489731312,0,0
635,0.496008723974,0,0
636,0.478465884924,0,0
637,0.525240540504,0,0
638,0.539961040020,0,0
639,0.420447140932,0,0
640,0.469455093145,0,0
641,0.474547743797,0,0
642,0.465745896101,0,0
643,0.487641423941,0,0
644,0.406880825758,0,0
645,0.441673338413,0,0
646,0.493804097176,0,0
647,0.538259267807,0,0
648,0.515336751938,0,0
649,0.419485151768,0,0
650,0.450022429228,0,0
651,0.483559429646,0,0
652,0.475235760212,0,0
653,0.496888160706,0,0
654,0.374615818262,0,0
655,0.496414363384,0,0
656,0.457188755274,0,0
657,0.512772738934,0,0
658,0.528008401394,0,0
659,0.499124646187,0,0
660,0.551232814789,0,0
661,0.536880314350,0,0
662,0.435816586018,0,0
663,0.562858104706,0,0
664,0.602272212505,0,0
665,0.579789221287,0,0
666,0.461948126554,0,0
667,0.483022630215,0,0
668,0.564482092857,0,0
669,0.459742963314,0,0
670,0.545181393623,0,0
671,0.607384979725,0,0
672,0.501966118813,0,0
673,0.468299478292,0,0
674,0.485536754131,0,0
675,0.553897619247,0,0
676,0.490310788155,0,0
677,0.568466663361,0,0
678,0.547960400581,0,0
679,0.562687993050,0,0
680,0.496335744858,0,0
681,0.423749089241,0,0
682,0.476606130600,0,0
683,0.457463711500,0,0
684,0.421882182360,0,0
685,0.525409460068,0,0
686,0.422727406025,0,0
687,0.515431165695,0,0
688,0.443592160940,0,0
689,0.414685249329,0,0
690,0.481845438480,0,0
691,0.561209738255,0,0
692,0.400485605001,0,0
693,0.448185831308,0,0
694,0.394541949034,0,0
695,0.531824231148,0,0
696,0.595108330250,0,0
697,0.473731577396,0,0
698,0.435664921999,0,0
699,0.460525780916,0,0
700,0.560203731060,0,0
701,0.513377606869,0,0
702,0.476893067360,0,0
703,0.526347398758,0,0
704,0.610610783100,0,0
705,0.554683089256,0,0
706,0.541191339493,0,0
707,0.597501158714,0,0
708,0.510574758053,0,0
709,0.417090535164,0,0
710,0.555213928223,0,0
711,0.459508627653,0,0
712,0.444840371609,0,0
713,0.469250977039,0,0
714,0.588829040527,0,0
715,0.493454873562,0,0
716,0.496893286705,0,0
717,0.520468711853,0,0
718,0.444374650717,0,0
719,0.483988672495,0,0
720,0.444932162762,0,0
721,0.661259472370,0,0
722,0.477216452360,0,0
723,0.529491484165,0,0
724,0.566225051880,0,0
725,0.385202080011,0,0
726,0.429951131344,0,0
727,0.540938496590,0,0
728,0.532202661037,0,0
729,0.540780186653,0,0
730,0.613657236099,0,0
731,0.575298607349,0,0
732,0.476136237383,0,0
733,0.547617614269,0,0
734,0.543940126896,0,0
735,0.537404119968,0,0
736,0.485703289509,0,0
737,0.414293378592,0,0
738,0.539231836796,0,0
739,0.514449059963,0,0
740,0.494363784790,0,0
741,0.518220901489,0,0
742,0.516073763371,0,0
743,0.461910456419,0,0
744,0.473004013300,0,0
745,0.511359393597,0,0
746,0.588191866875,0,0
747,0.659750282764,0,0
748,0.435895085335,0,0
749,0.366880685091,0,0
750,0.485402196646,0,0
751,0.461583524942,0,0
752,0.727285623550,0,0
753,0.513376951218,0,0
754,0.499198168516,0,0
755,0.516856133938,0,0
756,0.494777262211,0,0
757,0.620335459709,0,0
758,0.549612998962,0,0
759,0.436711609364,0,0
760,0.468497574329,0,0
761,0.425025254488,0,0
762,0.530378043652,0,0
763,0.481891721487,0,0
764,0.492343097925,0,0
765,0.424684196711,0,0
766,0.399862617254,0,0
767,0.435868710279,0,0
768,0.500655829906,0,0
769,0.455907464027,0,0
770,0.485147029161,0,0
771,0.504309415817,0,0
772,0.513520240784,0,0
773,0.463391393423,0,0
774,0.680505275726,0,0
775,0.501077532768,0,0
776,0.503709435463,0,0
777,0.521555244923,0,0
778,0.536643326283,0,0
779,0.578430235386,0,0
780,0.491919904947,0,0
781,0.435106426477,0,0
782,0.473854362965,0,0
783,0.519430518150,0,0
784,0.497966498137,0,0
785,0.524740338326,0,0
786,0.440877884626,0,0
787,0.555074810982,0,0
788,0.516674637794,0,0
789,0.427872061729,0,0
790,0.439618796110,0,0
791,0.509306907654,0,0
792,0.564810752869,0,0
793,0.526718676090,0,0
794,0.415191173553,0,0
795,0.523408114910,0,0
796,0.582179903984,0,0
797,0.626901268959,0,0
798,0.474986582994,0,0
799,0.530746459961,0,0
800,0.558141171932,0,0
801,0.466702789068,0,0
802,0.494360029697,0,0
803,0.454816579819,0,0
804,0.506378054619,0,0
805,0.444601237774,0,0
806,0.442272812128,0,0
807,0.569388747215,0,0
808,0.487656801939,0,0
809,0.375139057636,0,0
810,0.529509842396,0,0
811,0.466556459665,0,0
812,0.518831431866,0,0
813,0.507142007351,0,0
814,0.501463770866,0,0
815,0.513113200665,0,0
816,0.466776371002,0,0
817,0.574212014675,0,0
818,0.458036988974,0,0
819,0.444857686758,0,0
820,0.439590156078,0,0
821,0.463974237442,0,0
822,0.565540671349,0,0
823,0.448582947254,0,0
824,0.416671216488,0,0
825,0.482620418072,0,0
826,0.457242101431,0,0
827,0.479654401541,0,0
828,0.503994762897,0,0
829,0.414313912392,0,0
830,0.433117985725,0,0
831,0.418699502945,0,0
832,0.425491094589,0,0
833,0.627502202988,0,0
834,0.411026537418,0,0
835,0.464616924524,0,0
836,0.409538686275,0,0
837,0.449160933495,0,0
838,0.497862517834,0,0
839,0.611762106419,0,0
840,0.424005687237,0,0
841,0.591710031033,0,0
842,0.417640924454,0,0
843,0.492434471846,0,0
844,0.529541969299,0,0
845,0.502273082733,0,0
846,0.542374074459,0,0
847,0.444771021605,0,0
848,0.467811495066,0,0
849,0.462028414011,0,0
850,0.484939306974,0,0
851,0.562884092331,0,0
852,0.585578620434,0,0
853,0.490906208754,0,0
854,0.505046784878,0,0
855,0.478467792273,0,0
856,0.548295378685,0,0
857,0.510833024979,0,0
858,0.472919970751,0,0
859,0.470436036587,0,0
860,0.374350368977,0,0
861,0.550908565521,0,0
862,0.439761787653,0,0
863,0.427936494350,0,0
864,0.485660403967,0,0
865,0.428857415915,0,0
866,0.514645814896,0,0
867,0.491484194994,0,0
868,0.488864004612,0,0
869,0.498231321573,0,0
870,0.524702787399,0,0
871,0.518179297447,0,0
872,0.506931662560,0,0
873,0.483354032040,0,0
874,0.547535240650,0,0
875,0.486092835665,0,0
876,0.554910957813,0,0
877,0.402324765921,0,0
878,0.517288625240,0,0
879,0.540247261524,0,0
880,0.443804860115,0,0
881,0.507184803486,0,0
882,0.446562796831,0,0
883,0.597421944141,0,0
884,0.562752664089,0,0
885,0.514445662498,0,0
886,0.522752046585,0,0
887,0.566681087017,0,0
888,0.590752482414,0,0
889,0.593972861767,0,0
890,0.569829046726,0,0
891,0.553261995316,0,0
892,0.396178692579,0,0
893,0.525612115860,0,0
894,0.481875002384,0,0
895,0.563197970390,0,0
896,0.500138819218,0,0
897,0.502199113369,0,0
898,0.525078058243,0,0
899,0.450324118137,0,0
900,0.540244221687,0,0
901,0.515571355820,0,0
902,0.549408137798,0,0
903,0.517299532890,0,0
904,0.542459249496,0,0
905,0.488408446312,0,0
906,0.533628404140,0,0
907,0.503865540028,0,0
908,0.670887589455,0,0
909,0.532523453236,0,0
910,0.402708619833,0,0
911,0.462857156992,0,0
912,0.473019093275,0,0
913,0.494908034801,0,0
914,0.417982071638,0,0
915,0.458696842194,0,0
916,0.447369784117,0,0
917,0.457472145557,0,0
918,0.474738329649,0,0
919,0.467061191797,0,0
920,0.511440038681,0,0
921,0.449818462133,0,0
922,0.466138988733,0,0
923,0.508086979389,0,0
924,0.510888636112,0,0
925,0.441534847021,0,0
926,0.570656657219,0,0
927,0.562708318233,0,0
928,0.384178757668,0,0
929,0.448255240917,0,0
930,0.532865583897,0,0
931,0.427807539701,0,0
932,0.590211689472,0,0
933,0.485637336969,0,0
934,0.522624909878,0,0
935,0.470645427704,0,0
936,0.469416499138,0,0
937,0.414088308811,0,0
938,0.557876765728,0,0
939,0.510542631149,0,0
940,0.421981006861,0,0
941,0.344246029854,0,0
942,0.499601870775,0,0
943,0.441377967596,0,0
944,0.427035212517,0,0
945,0.433756053448,0,0
946,0.533476650715,0,0
947,0.502661347389,0,0
948,0.499770551920,0,0
949,0.453126907349,0,0
950,0.500133693218,0,0
951,0.541390478611,0,0
952,0.512035965919,0,0
953,0.537180662155,0,0
954,0.424989700317,0,0
955,0.412718743086,0,0
956,0.548839151859,0,0
957,0.533352017403,0,0
958,0.479234457016,0,0
959,0.462788075209,0,0
960,0.511141240597,0,0
961,0.461047351360,0,0
962,0.453869223595,0,0
963,0.449251055717,0,0
964,0.470642536879,0,0
965,0.447798788548,0,0
966,0.449592083693,0,0
967,0.497636795044,0,0
968,0.548892676830,0,0
969,0.644465923309,0,0
970,0.505853116512,0,0
971,0.497867554426,0,0
972,0.523956060410,0,0
973,0.437580972910,0,0
974,0.585925579071,0,0
975,0.535575032234,0,0
976,0.448271393776,0,0
977,0.498332470655,0,0
978,0.392739742994,0,0
979,0.449897348881,0,0
980,0.483123630285,0,0
981,0.443663090467,0,0
982,0.476241737604,0,0
983,0.520999014378,0,0
984,0.391121536493,0,0
985,0.690317511559,0,0
986,0.501007139683,0,0
987,0.490669637918,0,0
988,0.450320631266,0,0
989,0.464179009199,0,0
990,0.490592658520,0,0
991,0.556231439114,0,0
992,0.512683629990,0,0
993,0.445387065411,0,0
994,0.394934147596,0,0
995,0.525597810745,0,0
996,0.544523060322,0,0
997,0.579734265804,0,0
998,0.513969659805,0,0
999,0.534301757812,0,0
1000,0.388401478529,0,0
1001,0.503392159939,0,0
1002,0.486120223999,0,0
1003,0.512367308140,0,0
1004,0.441602796316,0,0
1005,0.455058008432,0,0
1006,0.495935171843,0,0
1007,0.543428003788,0,0
1008,0.478885263205,0,0
1009,0.457428157330,0,0
1010,0.451564639807,0,0
1011,0.422726869583,0,0
1012,0.501451313496,0,0
1013,0.453634381294,0,0
1014,0.440603286028,0,0
1015,0.491282612085,0,0
1016,0.470155239105,0,0
1017,0.587817847729,0,0
1018,0.515769541264,0,0
1019,0.467744499445,0,0
1020,0.535785317421,0,0
1021,0.499645024538,0,0
1022,0.526121735573,0,0
1023,0.593523085117,0,0
1024,0.560266971588,0,0
1025,0.596292912960,0,0
1026,0.593453288078,0,0
1027,0.475224107504,0,0
1028,0.486863255501,0,0
1029,0.470551222563,0,0
1030,0.475898653269,0,0
1031,0.441439479589,0,0
1032,0.553095936775,0,0
1033,0.467600136995,0,0
1034,0.598107159138,0,0
1035,0.460551142693,0,0
1036,0.501255214214,0,0
1037,0.531896114349,0,0
1038,0.420495241880,0,0
1039,0.379353106022,0,0
1040,0.468432039022,0,0
1041,0.509587407112,0,0
1042,0.445753157139,0,0
1043,0.498422741890,0,0
1044,0.542785525322,0,0
1045,0.489151090384,0,0
1046,0.477003723383,0,0
1047,0.488070547581,0,0
1048,0.464677900076,0,0
1049,0.548098921776,0,0
1050,0.502188205719,0,0
1051,0.454567879438,0,0
1052,0.573447644711,0,0
1053,0.557577550411,0,0
1054,0.610635399818,0,0
1055,0.480575978756,0,0
1056,0.469910651445,0,0
1057,0.417246371508,0,0
1058,0.533896505833,0,0
1059,0.472104668617,0,0
1060,0.545533239841,0,0
1061,0.493696033955,0,0
1062,0.497258245945,0,0
1063,0.469081491232,0,0
1064,0.461848884821,0,0
1065,0.540548205376,0,0
1066,0.433254271746,0,0
1067,0.458748489618,0,0
1068,0.571889698505,0,0
1069,0.589815497398,0,0
1070,0.527293622494,0,0
1071,0.467616647482,0,0
1072,0.579521119595,0,0
1073,0.512547612190,0,0
1074,0.496086627245,0,0
1075,0.516707003117,0,0
1076,0.497518330812,0,0
1077,0.501903057098,0,0
1078,0.511999845505,0,0
1079,0.509597241879,0,0
1080,0.447216957808,0,0
1081,0.448435038328,0,0
1082,0.495419174433,0,0
1083,0.429809361696,0,0
1084,0.483258336782,0,0
1085,0.439162850380,0,0
1086,0.438598096371,0,0
1087,0.522755622864,0,0
1088,0.587473332882,0,0
1089,0.571476936340,0,0
1090,0.460768043995,0,0
1091,0.521440207958,0,0
1092,0.518712282181,0,0
1093,0.437400013208,0,0
1094,0.454955130816,0,0
1095,0.423146218061,0,0
1096,0.489859431982,0,0
1097,0.496463835239,0,0
1098,0.560894131660,0,0
1099,0.510232150555,0,0
1100,0.469907850027,0,0
1101,0.421549290419,0,0
1102,0.564566075802,0,0
1103,0.479669362307,0,0
1104,0.361514449120,0,0
1105,0.487988859415,0,0
1106,0.508848190308,0,0
1107,0.487868279219,0,0
1108,0.407485097647,0,0
1109,0.538273811340,0,0
1110,0.469637602568,0,0
1111,0.472678959370,0,0
1112,0.473171859980,0,0
1113,0.559789657593,0,0
1114,0.496656596661,0,0
1115,0.416151791811,0,0
1116,0.491761744022,0,0
1117,0.434192895889,0,0
1118,0.532226204872,0,0
1119,0.514180123806,0,0
1120,0.457658827305,0,0
1121,0.516364336014,0,0
1122,0.488134473562,0,0
1123,0.605294764042,0,0
1124,0.430479228497,0,0
1125,0.556841075420,0,0
1126,0.612660765648,0,0
1127,0.510001599789,0,0
1128,0.513755798340,0,0
1129,0.483934909105,0,0
1130,0.571702718735,0,0
1131,0.543372452259,0,0
1132,0.407140165567,0,0
1133,0.412005841732,0,0
1134,0.427812546492,0,0
1135,0.366312593222,0,0
1136,0.539537966251,0,0
1137,0.512281358242,0,0
1138,0.506056368351,0,0
1139,0.509488046169,0,0
1140,0.497200578451,0,0
1141,0.483045011759,0,0
1142,0.503058195114,0,0
1143,0.524193465710,0,0
1144,0.500958740711,0,0
1145,0.568381667137,0,0
1146,0.460062205791,0,0
1147,0.571506142616,0,0
1148,0.504870355129,0,0
1149,0.525879383087,0,0
1150,0.470026314259,0,0
1151,0.469601660967,0,0
1152,0.496061921120,0,0
1153,0.522318720818,0,0
1154,0.453411877155,0,0
1155,0.529466211796,0,0
1156,0.436987280846,0,0
1157,0.569986820221,0,0
1158,0.521360695362,0,0
1159,0.457866370678,0,0
1160,0.439866364002,0,0
1161,0.543996453285,0,0
1162,0.509396612644,0,0
1163,0.460331052542,0,0
1164,0.576774597168,0,0
1165,0.489153385162,0,0
1166,0.528309285641,0,0
1167,0.631938695908,0,0
1168,0.462015002966,0,0
1169,0.467247188091,0,0
1170,0.562603473663,0,0
1171,0.499551266432,0,0
1172,0.509438931942,0,0
1173,0.444953560829,0,0
1174,0.573629677296,0,0
1175,0.517596185207,0,0
1176,0.454727560282,0,0
1177,0.420138537884,0,0
1178,0.432312101126,0,0
1179,0.495652645826,0,0
1180,0.459922462702,0,0
1181,0.497922539711,0,0
1182,0.391160339117,0,0
1183,0.420658528805,0,0
1184,0.528473019600,0,0
1185,0.520488739014,0,0
1186,0.462817370892,0,0
1187,0.531924009323,0,0
1188,0.549418985844,0,0
1189,0.461083531380,0,0
1190,0.548273861408,0,0
1191,0.560041904449,0,0
1192,0.468461692333,0,0
1193,0.436281800270,0,0
1194,0.404186934233,0,0
1195,0.492886871099,0,0
1196,0.537119507790,0,0
1197,0.447254538536,0,0
1198,0.554472625256,0,0
1199,0.582563877106,0,0
1200,0.518808186054,0,0
1201,0.474925011396,0,0
1202,0.525533735752,0,0
1203,0.408642321825,0,0
1204,0.394704520702,0,0
1205,0.461234033108,0,0
1206,0.427074581385,0,0
1207,0.510726511478,0,0
1208,0.491043567657,0,0
1209,0.483472466469,0,0
1210,0.385465472937,0,0
1211,0.585918486118,0,0
1212,0.535917341709,0,0
1213,0.445752263069,0,0
1214,0.523994088173,0,0
1215,0.560774028301,0,0
1216,0.432738095522,0,0
1217,0.468091100454,0,0
1218,0.432146370411,0,0
1219,0.429245442152,0,0
1220,0.422754108906,0,0
1221,0.502093076706,0,0
1222,0.515237033367,0,0
1223,0.625084757805,0,0
1224,0.468724876642,0,0
1225,0.472719699144,0,0
1226,0.645062863827,0,0
1227,0.595325350761,0,0
1228,0.553358554840,0,0
1229,0.481600582600,0,0
1230,0.544962167740,0,0
1231,0.433109909296,0,0
1232,0.511567294598,0,0
1233,0.458734184504,0,0
1234,0.550464034081,0,0
1235,0.657666742802,0,0
1236,0.472152054310,0,0
1237,0.517718434334,0,0
1238,0.534633994102,0,0
1239,0.458383768797,0,0
1240,0.408017873764,0,0
1241,0.459820061922,0,0
1242,0.528364181519,0,0
1243,0.495375782251,0,0
1244,0.525305151939,0,0
1245,0.550029635429,0,0
1246,0.558163344860,0,0
1247,0.571018874645,0,0
1248,0.540489017963,0,0
1249,0.434876769781,0,0
1250,0.416139841080,0,0
1251,0.637669503689,0,0
1252,0.474353790283,0,0
1253,0.516221463680,0,0
1254,0.536689817905,0,0
1255,0.515820860863,0,0
1256,0.422556489706,0,0
1257,0.521648585796,0,0
1258,0.426564574242,0,0
1259,0.523869097233,0,0
1260,0.483985126019,0,0
1261,0.667391657829,0,0
1262,0.372344702482,0,0
1263,0.412682175636,0,0
1264,0.470545321703,0,0
1265,0.520064949989,0,0
1266,0.468326181173,0,0
1267,0.500619649887,0,0
1268,0.480868995190,0,0
1269,0.474445790052,0,0
1270,0.540664494038,0,0
1271,0.472472071648,0,0
1272,0.469743609428,0,0
1273,0.458213210106,0,0
1274,0.612886250019,0,0
1275,0.498418390751,0,0
1276,0.492106050253,0,0
1277,0.451872587204,0,0
1278,0.507742583752,0,0
1279,0.462048500776,0,0
1280,0.493039518595,0,0
1281,0.484232544899,0,0
1282,0.473200798035,0,0
1283,0.523769319057,0,0
1284,0.479659408331,0,0
1285,0.596242010593,0,0
1286,0.503243267536,0,0
1287,0.449762493372,0,0
1288,0.457944631577,0,0
1289,0.477954328060,0,0
1290,0.449432075024,0,0
1291,0.510706782341,0,0
1292,0.502969443798,0,0
1293,0.472770690918,0,0
1294,0.425005346537,0,0
1295,0.445050448179,0,0
1296,0.563896477222,0,0
1297,0.470581531525,0,0
1298,0.486394256353,0,0
1299,0.474363297224,0,0
1300,0.492039203644,0,0
1301,0.421322703362,0,0
1302,0.554051041603,0,0
1303,0.467211961746,0,0
1304,0.408421695232,0,0
1305,0.462543934584,0,0
1306,0.637853145599,0,0
1307,0.462644010782,0,0
1308,0.467627406120,0,0
1309,0.463050305843,0,0
1310,0.523534059525,0,0
1311,0.515054762363,0,0
1312,0.512377679348,0,0
1313,0.456427365541,0,0
1314,0.497140914202,0,0
1315,0.420615285635,0,0
1316,0.372082978487,0,0
1317,0.386214196682,0,0
1318,0.543418169022,0,0
1319,0.430154412985,0,0
1320,0.468787759542,0,0
1321,0.519268095493,0,0
1322,0.541841208935,0,0
1323,0.478537321091,0,0
1324,0.531394064426,0,0
1325,0.507895767689,0,0
1326,0.554861307144,0,0
1327,0.486887633801,0,0
1328,0.466930627823,0,0
1329,0.537051081657,0,0
1330,0.398554444313,0,0
1331,0.554539322853,0,0
1332,0.533891379833,0,0
1333,0.648266971111,0,0
1334,0.483594954014,0,0
1335,0.482973784208,0,0
1336,0.490996539593,0,0
1337,0.588052511215,0,0
1338,0.447166025639,0,0
1339,0.494016408920,0,0
1340,0.491360306740,0,0
1341,0.447796136141,0,0
1342,0.400938689709,0,0
1343,0.502898037434,0,0
1344,0.441873848438,0,0
1345,0.472727090120,0,0
1346,0.477201521397,0,0
1347,0.586828768253,0,0
1348,0.386754781008,0,0
1349,0.431340813637,0,0
1350,0.588866770267,0,0
1351,0.463427841663,0,0
1352,0.552579224110,0,0
1353,0.441885322332,0,0
1354,0.430909097195,0,0
1355,0.417334735394,0,0
1356,0.385724306107,0,0
1357,0.519073307514,0,0
1358,0.454965621233,0,0
1359,0.494480639696,0,0
1360,0.505346417427,0,0
1361,0.472290933132,0,0
1362,0.504285275936,0,0
1363,0.413975447416,0,0
1364,0.388113498688,0,0
1365,0.565589427948,0,0
1366,0.546026527882,0,0
1367,0.450826704502,0,0
1368,0.422828912735,0,0
1369,0.391349643469,0,0
1370,0.459075778723,0,0
1371,0.445580899715,0,0
1372,0.448472529650,0,0
1373,0.437626153231,0,0
1374,0.451034277678,0,0
1375,0.423394352198,0,0
1376,0.599453985691,0,0
1377,0.534311830997,0,0
1378,0.572867751122,0,0
1379,0.611624062061,0,0
1380,0.529690206051,0,0
1381,0.454168528318,0,0
1382,0.416777759790,0,0
1383,0.527190923691,0,0
1384,0.457763791084,0,0
1385,0.462564498186,0,0
1386,0.456279546022,0,0
1387,0.487303942442,0,0
1388,0.459956496954,0,0
1389,0.554510951042,0,0
1390,0.522484481335,0,0
1391,0.547084271908,0,0
1392,0.506639659405,0,0
1393,0.450978040695,0,0
1394,0.513567030430,0,0
1395,0.418238908052,0,0
1396,0.473678529263,0,0
1397,0.470596998930,0,0
1398,0.458171635866,0,0
1399,0.482656061649,0,0
1400,0.453728079796,0,0
1401,0.535881519318,0,0
1402,0.499883532524,0,0
1403,0.496628373861,0,0
1404,0.531765937805,0,0
1405,0.493593782187,0,0
1406,0.409954398870,0,0
1407,0.452230334282,0,0
1408,0.559074163437,0,0
1409,0.470930308104,0,0
1410,0.544688165188,0,0
1411,0.429425299168,0,0
1412,0.598798036575,0,0
1413,0.538228213787,0,0
1414,0.478373110294,0,0
1415,0.579137802124,0,0
1416,0.425877064466,0,0
1417,0.502932190895,0,0
1418,0.439511358738,0,0
1419,0.467507153749,0,0
1420,0.550057053566,0,0
1421,0.493872433901,0,0
1422,0.504275798798,0,0
1423,0.495134770870,0,0
1424,0.564448118210,0,0
1425,0.482398539782,0,0
1426,0.493573158979,0,0
1427,0.395120322704,0,0
1428,0.431394487619,0,0
1429,0.585381031036,0,0
1430,0.536040604115,0,0
1431,0.481051743031,0,0
1432,0.463928759098,0,0
1433,0.387888014317,0,0
1434,0.560101926327,0,0
1435,0.426595419645,0,0
1436,0.504584312439,0,0
1437,0.474169343710,0,0
1438,0.379084140062,0,0
1439,0.523313879967,0,0
1440,0.439731776714,0,0
1441,0.629992783070,0,0
1442,0.540341258049,0,0
1443,0.437595129013,0,0
1444,0.653555691242,0,0
1445,0.465177386999,0,0
1446,0.402659624815,0,0
1447,0.474001705647,0,0
1448,0.436710625887,0,0
1449,0.542332291603,0,0
1450,0.520383238792,0,0
1451,0.430718541145,0,0
1452,0.491469681263,0,0
1453,0.535237967968,0,0
1454,0.430178016424,0,0
1455,0.395137339830,0,0
1456,0.439364284277,0,0
1457,0.582545220852,0,0
1458,0.454080045223,0,0
1459,0.516819715500,0,0
1460,0.432773739100,0,0
1461,0.448318809271,0,0
1462,0.529324173927,0,0
1463,0.464619010687,0,0
1464,0.453985035419,0,0
1465,0.448149204254,0,0
1466,0.472881078720,0,0
1467,0.442326992750,0,0
1468,0.497540175915,0,0
1469,0.502592265606,0,0
1470,0.524803698063,0,0
1471,0.437691688538,0,0
1472,0.522262692451,0,0
1473,0.544287085533,0,0
1474,0.558561921120,0,0
1475,0.464819908142,0,0
1476,0.713049232960,0,0
1477,0.492221951485,0,0
1478,0.456294775009,0,0
1479,0.444235861301,0,0
1480,0.415064513683,0,0
1481,0.411240249872,0,0
1482,0.506638526917,0,0
1483,0.424037784338,0,0
1484,0.507493615150,0,0
1485,0.596396625042,0,0
1486,0.505402684212,0,0
1487,0.440577536821,0,0
1488,0.430011093616,0,0
1489,0.546130657196,0,0
1490,0.513306498528,0,0
1491,0.587153017521,0,0
1492,0.522090554237,0,0
1493,0.521250665188,0,0
1494,0.448397070169,0,0
1495,0.473975151777,0,0
1496,0.598751187325,0,0
1497,0.665441691875,0,0
1498,0.539259552956,0,0
1499,0.527674257755,0,0
1500,0.521640956402,0,0
1501,0.434148967266,0,0
1502,0.510083794594,0,0
1503,0.497666418552,0,0
1504,0.591942429543,0,0
1505,0.375768363476,0,0
1506,0.417113691568,0,0
1507,0.442160248756,0,0
1508,0.460322231054,0,0
1509,0.483467876911,0,0
1510,0.477653145790,0,0
1511,0.404423594475,0,0
1512,0.447936803102,0,0
1513,0.568759024143,0,0
1514,0.459893137217,0,0
1515,0.504744112492,0,0
1516,0.483828455210,0,0
1517,0.474613100290,0,0
1518,0.507773339748,0,0
1519,0.487161219120,0,0
1520,0.459997892380,0,0
1521,0.466800838709,0,0
1522,0.422160178423,0,0
1523,0.472646117210,0,0
1524,0.511131763458,0,0
1525,0.412516862154,0,0
1526,0.625975012779,0,0
1527,0.498813092709,0,0
1528,0.589788377285,0,0
1529,0.412523269653,0,0
1530,0.363112986088,0,0
1531,0.513503849506,0,0
1532,0.623965620995,0,0
1533,0.536114275455,0,0
1534,0.464622139931,0,0
1535,0.544538795948,0,0
1536,0.489620059729,0,0
1537,0.531098961830,0,0
1538,0.531339406967,0,0
1539,0.436003357172,0,0
1540,0.473025023937,0,0
1541,0.485186964273,0,0
1542,0.561274051666,0,0
1543,0.520135223866,0,0
1544,0.464592695236,0,0
1545,0.508116602898,0,0
1546,0.565364480019,0,0
1547,0.532801210880,0,0
1548,0.473287194967,0,0
1549,0.457360982895,0,0
1550,0.526002705097,0,0
1551,0.598871707916,0,0
1552,0.482205182314,0,0
1553,0.469422698021,0,0
1554,0.508056640625,0,0
1555,0.514368355274,0,0
1556,0.557845592499,0,0
1557,0.510576188564,0,0
1558,0.489126414061,0,0
1559,0.493589699268,0,0
1560,0.410912960768,0,0
1561,0.456868410110,0,0
1562,0.416106045246,0,0
1563,0.469986885786,0,0
1564,0.438507139683,0,0
1565,0.440170079470,0,0
1566,0.536433160305,0,0
1567,0.473462790251,0,0
1568,0.489770591259,0,0
1569,0.539522886276,0,0
1570,0.413522571325,0,0
1571,0.456293612719,0,0
1572,0.493499904871,0,0
1573,0.480129420757,0,0
1574,0.456766575575,0,0
1575,0.532939493656,0,0
1576,0.430929481983,0,0
1577,0.587981164455,0,0
1578,0.461916625500,0,0
1579,0.489028275013,0,0
1580,0.470293730497,0,0
1581,0.442434668541,0,0
1582,0.574663162231,0,0
1583,0.496661782265,0,0
1584,0.491244494915,0,0
1585,0.433076381683,0,0
1586,0.525336921215,0,0
1587,0.460738211870,0,0
1588,0.492491692305,0,0
1589,0.439631164074,0,0
1590,0.536391973495,0,0
1591,0.503640770912,0,0
1592,0.552945852280,0,0
1593,0.519034743309,0,0
1594,0.433183610439,0,0
1595,0.527378261089,0,0
1596,0.389981448650,0,0
1597,0.520314872265,0,0
1598,0.559519410133,0,0
1599,0.527882993221,0,0
1600,0.456515461206,0,0
1601,0.468939214945,0,0
1602,0.561695098877,0,0
1603,0.448326230049,0,0
1604,0.577630281448,0,0
1605,0.486597239971,0,0
1606,0.473207503557,0,0
1607,0.359058976173,0,0
1608,0.456084519625,0,0
1609,0.397725492716,0,0
1610,0.455769628286,0,0
1611,0.551622331142,0,0
1612,0.490625470877,0,0
1613,0.568940997124,0,0
1614,0.577756285667,0,0
1615,0.500993967056,0,0
1616,0.459277927876,0,0
1617,0.462934881449,0,0
1618,0.481447666883,0,0
1619,0.469678163528,0,0
1620,0.499932169914,0,0
1621,0.421335399151,0,0
1622,0.392690986395,0,0
1623,0.462096840143,0,0
1624,0.477624297142,0,0
1625,0.433415502310,0,0
1626,0.446170568466,0,0
1627,0.522292494774,0,0
1628,0.452665716410,0,0
1629,0.495538413525,0,0
1630,0.522278010845,0,0
1631,0.538281083107,0,0
1632,0.560242950916,0,0
1633,0.490053921938,0,0
1634,0.491592675447,0,0
1635,0.513021945953,0,0
1636,0.454598933458,0,0
1637,0.411646872759,0,0
1638,0.629831552505,0,0
1639,0.493374109268,0,0
1640,0.493456602097,0,0
1641,0.406855583191,0,0
1642,0.421474575996,0,0
1643,0.394507974386,0,0
1644,0.513660073280,0,0
1645,0.481508404016,0,0
1646,0.512631773949,0,0
1647,0.478114932775,0,0
1648,0.475206345320,0,0
1649,0.502814471722,0,0
1650,0.425728797913,0,0
1651,0.455639272928,0,0
1652,0.476908802986,0,0
1653,0.575780391693,0,0
1654,0.487644582987,0,0
1655,0.458137512207,0,0
1656,0.565653443336,0,0
1657,0.480997323990,0,0
1658,0.414549887180,0,0
1659,0.501678705215,0,0
1660,0.431357264519,0,0
1661,0.607871592045,0,0
1662,0.503598034382,0,0
1663,0.535854101181,0,0
1664,0.451146930456,0,0
1665,0.487925440073,0,0
1666,0.522489964962,0,0
1667,0.423070192337,0,0
1668,0.479641646147,0,0
1669,0.493326574564,0,0
1670,0.439226776361,0,0
1671,0.536916673183,0,0
1672,0.387988120317,0,0
1673,0.610749244690,0,0
1674,0.475265264511,0,0
1675,0.486913502216,0,0
1676,0.443358302116,0,0
1677,0.469275802374,0,0
1678,0.440111190081,0,0
1679,0.627409279346,0,0
1680,0.408361017704,0,0
1681,0.407650858164,0,0
1682,0.518167197704,0,0
1683,0.543142557144,0,0
1684,0.512368679047,0,0
1685,0.423831284046,0,0
1686,0.560875058174,0,0
1687,0.432613909245,0,0
1688,0.546581208706,0,0
1689,0.359536498785,0,0
1690,0.525071442127,0,0
1691,0.520653486252,0,0
1692,0.397981822491,0,0
1693,0.502757549286,0,0
1694,0.507045388222,0,0
1695,0.483414381742,0,0
1696,0.582137346268,0,0
1697,0.559832155704,0,0
1698,0.392083615065,0,0
1699,0.392575800419,0,0
1700,0.498680680990,0,0
1701,0.524844110012,0,0
1702,0.418803930283,0,0
1703,0.483823359013,0,0
1704,0.528819799423,0,0
1705,0.523213386536,0,0
1706,0.543923616409,0,0
1707,0.534404695034,0,0
1708,0.440731853247,0,0
1709,0.482792317867,0,0
1710,0.599535405636,0,0
1711,0.445782601833,0,0
1712,0.533338427544,0,0
1713,0.528313338757,0,0
1714,0.589769661427,0,0
1715,0.564361572266,0,0
1716,0.460152655840,0,0
1717,0.422418415546,0,0
1718,0.515568971634,0,0
1719,0.427722811699,0,0
1720,0.434966385365,0,0
1721,0.438927978277,0,0
1722,0.397967427969,0,0
1723,0.447672635317,0,0
1724,0.487181782722,0,0
1725,0.493730545044,0,0
1726,0.410060346127,0,0
1727,0.481341660023,0,0
1728,0.456502199173,0,0
1729,0.465927571058,0,0
1730,0.530158162117,0,0
1731,0.428399801254,0,0
1732,0.454707890749,0,0
1733,0.523369193077,0,0
1734,0.468369126320,0,0
1735,0.436444401741,0,0
1736,0.569766342640,0,0
1737,0.520303845406,0,0
1738,0.498247832060,0,0
1739,0.472634315491,0,0
1740,0.543852269650,0,0
1741,0.582655131817,0,0
1742,0.585041105747,0,0
1743,0.508428752422,0,0
1744,0.446830689907,0,0
1745,0.487557858229,0,0
1746,0.526620090008,0,0
1747,0.437944173813,0,0
1748,0.466440528631,0,0
1749,0.510491371155,0,0
1750,0.488255620003,0,0
1751,0.466440975666,0,0
1752,0.452183991671,0,0
1753,0.389432907104,0,0
1754,0.510559260845,0,0
1755,0.556977987289,0,0
1756,0.421515405178,0,0
1757,0.544942677021,0,0
1758,0.505089104176,0,0
1759,0.499870836735,0,0
1760,0.508210957050,0,0
1761,0.513630688190,0,0
1762,0.526454031467,0,0
1763,0.483585029840,0,0
1764,0.613413751125,0,0
1765,0.407869428396,0,0
1766,0.486471891403,0,0
1767,0.510516762733,0,0
1768,0.492671281099,0,0
1769,0.491591513157,0,0
1770,0.482217371464,0,0
1771,0.375458687544,0,0
1772,0.613791942596,0,0
1773,0.489721328020,0,0
1774,0.592728316784,0,0
1775,0.528054952621,0,0
1776,0.448755711317,0,0
1777,0.522696375847,0,0
1778,0.463564574718,0,0
1779,0.497962325811,0,0
1780,0.485788524151,0,0
1781,0.518912017345,0,0
1782,0.551143407822,0,0
1783,0.412288397551,0,0
1784,0.524878740311,0,0
1785,0.505328774452,0,0
1786,0.486442059278,0,0
1787,0.489578425884,0,0
1788,0.485093444586,0,0
1789,0.484489560127,0,0
1790,0.516701698303,0,0
1791,0.588907778263,0,0
1792,0.456998795271,0,0
1793,0.515746235847,0,0
1794,0.438352167606,0,0
1795,0.436891257763,0,0
1796,0.518394827843,0,0
1797,0.470104843378,0,0
1798,0.488287419081,0,0
1799,0.413898587227,0,0
1800,0.408482164145,0,0
1801,0.492500036955,0,0
1802,0.450796008110,0,0
1803,0.506535768509,0,0
1804,0.483667582273,0,0
1805,0.412627816200,0,0
1806,0.471835970879,0,0
1807,0.397842884064,0,0
1808,0.443235427141,0,0
1809,0.443380832672,0,0
1810,0.444956541061,0,0
1811,0.507606565952,0,0
1812,0.438650697470,0,0
1813,0.504109561443,0,0
1814,0.499107331038,0,0
1815,0.389485299587,0,0
1816,0.498314946890,0,0
1817,0.496467947960,0,0
1818,0.533546149731,0,0
1819,0.588499963284,0,0
1820,0.439346164465,0,0
1821,0.577878952026,0,0
1822,0.465133577585,0,0
1823,0.463345140219,0,0
1824,0.476551920176,0,0
1825,0.546484708786,0,0
1826,0.446571767330,0,0
1827,0.500524282455,0,0
1828,0.456996381283,0,0
1829,0.587235450745,0,0
1830,0.477518796921,0,0
1831,0.426332026720,0,0
1832,0.539878010750,0,0
1833,0.435380965471,0,0
1834,0.494198381901,0,0
1835,0.489946752787,0,0
1836,0.528706908226,0,0
1837,0.493561685085,0,0
1838,0.479053139687,0,0
1839,0.563158750534,0,0
1840,0.434339463711,0,0
1841,0.518882036209,0,0
1842,0.526684224606,0,0
1843,0.540265798569,0,0
1844,0.557084083557,0,0
1845,0.554205775261,0,0
1846,0.560097992420,0,0
1847,0.642495870590,0,0
1848,0.520550906658,0,0
1849,0.495008200407,0,0
1850,0.440098315477,0,0
1851,0.426934421062,0,0
1852,0.465764760971,0,0
1853,0.473057359457,0,0
1854,0.454939454794,0,0
1855,0.451226085424,0,0
1856,0.508675575256,0,0
1857,0.493036508560,0,0
1858,0.468393415213,0,0
1859,0.428451865911,0,0
1860,0.619969606400,0,0
1861,0.548296809196,0,0
1862,0.411767840385,0,0
1863,0.479448020458,0,0
1864,0.518131434917,0,0
1865,0.435630530119,0,0
1866,0.521025121212,0,0
1867,0.511485993862,0,0
1868,0.502584517002,0,0
1869,0.541712462902,0,0
1870,0.444790363312,0,0
1871,0.489562153816,0,0
1872,0.549391806126,0,0
1873,0.661396563053,0,0
1874,0.420617192984,0,0
1875,0.544342994690,0,0
1876,0.448480755091,0,0
1877,0.509086906910,0,0
1878,0.498809188604,0,0
1879,0.443687587976,0,0
1880,0.496447384357,0,0
1881,0.524275958538,0,0
1882,0.464794516563,0,0
1883,0.424103260040,0,0
1884,0.521370351315,0,0
1885,0.487573176622,0,0
1886,0.521707236767,0,0
1887,0.483373820782,0,0
1888,0.489863902330,0,0
1889,0.552564084530,0,0
1890,0.558410584927,0,0
1891,0.454962551594,0,0
1892,0.573809266090,0,0
1893,0.542763054371,0,0
1894,0.489386618137,0,0
1895,0.427094519138,0,0
1896,0.443279683590,0,0
1897,0.455927819014,0,0
1898,0.446649312973,0,0
1899,0.565443575382,0,0
1900,0.482372254133,0,0
1901,0.484250843525,0,0
1902,0.418610125780,0,0
1903,0.563482999802,0,0
1904,0.523154556751,0,0
1905,0.484588086605,0,0
1906,0.562530517578,0,0
1907,0.538474917412,0,0
1908,0.491461664438,0,0
1909,0.531481206417,0,0
1910,0.493987411261,0,0
1911,0.445963680744,0,0
1912,0.388973921537,0,0
1913,0.477296024561,0,0
1914,0.450871884823,0,0
1915,0.549664616585,0,0
1916,0.437096089125,0,0
1917,0.585492074490,0,0
1918,0.555509746075,0,0
1919,0.481164395809,0,0
1920,0.474753767252,0,0
1921,0.377952426672,0,0
1922,0.579131782055,0,0
1923,0.487103104591,0,0
1924,0.453252345324,0,0
1925,0.555588245392,0,0
1926,0.504119694233,0,0
1927,0.427580773830,0,0
1928,0.604615211487,0,0
1929,0.431521862745,0,0
1930,0.478290975094,0,0
1931,0.560839891434,0,0
1932,0.389105170965,0,0
1933,0.481699854136,0,0
1934,0.498090356588,0,0
1935,0.510657072067,0,0
1936,0.423159360886,0,0
1937,0.450789988041,0,0
1938,0.473565220833,0,0
1939,0.439459741116,0,0
1940,0.439536988735,0,0
1941,0.559210360050,0,0
1942,0.391093552113,0,0
1943,0.369894981384,0,0
1944,0.445821762085,0,0
1945,0.475609600544,0,0
1946,0.459039300680,0,0
1947,0.396056175232,0,0
1948,0.388148427010,0,0
1949,0.482192248106,0,0
1950,0.443420529366,0,0
1951,0.416667819023,0,0
1952,0.523446559906,0,0
1953,0.553220450878,0,0
1954,0.552934825420,0,0
1955,0.391798406839,0,0
1956,0.504866003990,0,0
1957,0.434821814299,0,0
1958,0.473847508430,0,0
1959,0.446572065353,0,0
1960,0.472332447767,0,0
1961,0.414728224277,0,0
1962,0.458697021008,0,0
1963,0.483262568712,0,0
1964,0.570502638817,0,0
1965,0.403511136770,0,0
1966,0.449233472347,0,0
1967,0.500302433968,0,0
1968,0.509463489056,0,0
1969,0.498010486364,0,0
1970,0.563281655312,0,0
1971,0.510142624378,0,0
1972,0.433821976185,0,0
1973,0.568094134331,0,0
1974,0.437175542116,0,0
1975,0.378800183535,0,0
1976,0.493584930897,0,0
1977,0.575244426727,0,0
1978,0.533656001091,0,0
1979,0.526675224304,0,0
1980,0.587433397770,0,0
1981,0.461968719959,0,0
1982,0.497765451670,0,0
1983,0.528933823109,0,0
1984,0.426312506199,0,0
1985,0.544068813324,0,0
1986,0.396500617266,0,0
1987,0.478325307369,0,0
1988,0.643489003181,0,0
1989,0.430837631226,0,0
1990,0.561583399773,0,0
1991,0.637375473976,0,0
1992,0.448510378599,0,0
1993,0.470347911119,0,0
1994,0.479967623949,0,0
1995,0.443410724401,0,0
1996,0.441049605608,0,0
1997,0.592923820019,0,0
1998,0.428918540478,0,0
1999,0.464091092348,0,0
2000,0.561368942261,0,0
2001,0.541793167591,0,0
2002,0.571187853813,0,0
2003,0.445491850376,0,0
2004,0.432420730591,0,0
2005,0.510943591595,0,0
2006,0.465528219938,0,0
2007,0.487882137299,0,0
2008,0.449202299118,0,0
2009,0.463829159737,0,0
2010,0.504457831383,0,0
2011,0.427349716425,0,0
2012,0.482652187347,0,0
2013,0.519028007984,0,0
2014,0.572548508644,0,0
2015,0.416953742504,0,0
2016,0.449031561613,0,0
2017,0.541534662247,0,0
2018,0.433106660843,0,0
2019,0.426488190889,0,0
2020,0.523480474949,0,0
2021,0.449475824833,0,0
2022,0.480448812246,0,0
2023,0.407084316015,0,0
2024,0.491342663765,0,0
2025,0.476238250732,0,0
2026,0.417233765125,0,0
2027,0.406999140978,0,0
2028,0.463155478239,0,0
2029,0.469846516848,0,0
2030,0.445881605148,0,0
2031,0.429645806551,0,0
2032,0.512169301510,0,0
2033,0.433627367020,0,0
2034,0.441870808601,0,0
2035,0.435103923082,0,0
2036,0.593554079533,0,0
2037,0.560653090477,0,0
2038,0.566807389259,0,0
2039,0.595676064491,0,0
2040,0.474909543991,0,0
2041,0.493385821581,0,0
2042,0.468720734119,0,0
2043,0.438298881054,0,0
2044,0.455936551094,0,0
2045,0.439813226461,0,0
2046,0.487347900867,0,0
2047,0.442689478397,0,0
2048,0.424829721451,0,0
2049,0.423793315887,0,0
2050,0.527561008930,0,0
2051,0.458384633064,0,0
2052,0.466841965914,0,0
2053,0.420960545540,0,0
2054,0.500636219978,0,0
2055,0.424472421408,0,0
2056,0.507033944130,0,0
2057,0.508176922798,0,0
2058,0.423809170723,0,0
2059,0.403332084417,0,0
2060,0.412292540073,0,0
2061,0.474684059620,0,0
2062,0.482423186302,0,0
2063,0.566282272339,0,0
2064,0.478224962950,0,0
2065,0.434366911650,0,0
2066,0.411461830139,0,0
2067,0.433646202087,0,0
2068,0.531315267086,0,0
2069,0.494521200657,0,0
2070,0.536339759827,0,0
2071,0.554495811462,0,0
2072,0.571848928928,0,0
2073,0.415619641542,0,0
2074,0.531496047974,0,0
2075,0.524438500404,0,0
2076,0.468758732080,0,0
2077,0.460020333529,0,0
2078,0.458652973175,0,0
2079,0.467043250799,0,0
2080,0.492387801409,0,0
2081,0.408147484064,0,0
2082,0.416329771280,0,0
2083,0.636635422707,0,0
2084,0.504616141319,0,0
2085,0.394715607166,0,0
2086,0.507391750813,0,0
2087,0.493360221386,0,0
2088,0.603754222393,0,0
2089,0.591050863266,0,0
2090,0.538650095463,0,0
2091,0.549330890179,0,0
2092,0.464617222548,0,0
2093,0.443343967199,0,0
2094,0.498702436686,0,0
2095,0.499010860920,0,0
2096,0.566736280918,0,0
2097,0.531456291676,0,0
2098,0.631349086761,0,0
2099,0.547192037106,0,0
2100,0.517916858196,0,0
2101,0.446405529976,0,0
2102,0.484172940254,0,0
2103,0.502055108547,0,0
2104,0.559754669666,0,0
2105,0.472122043371,0,0
2106,0.410694271326,0,0
2107,0.431293994188,0,0
2108,0.513859510422,0,0
2109,0.527300179005,0,0
2110,0.370399713516,0,0
2111,0.518731296062,0,0
2112,0.457230508327,0,0
2113,0.514263987541,0,0
2114,0.591738283634,0,0
2115,0.443451642990,0,0
2116,0.536444306374,0,0
2117,0.408709466457,0,0
2118,0.433719158173,0,0
2119,0.436248630285,0,0
2120,0.511180400848,0,0
2121,0.558649659157,0,0
2122,0.460276067257,0,0
2123,0.471734523773,0,0
2124,0.545583069324,0,0
2125,0.511359333992,0,0
2126,0.479777306318,0,0
2127,0.522772967815,0,0
2128,0.506237387657,0,0
2129,0.461171567440,0,0
2130,0.510453462601,0,0
2131,0.554520368576,0,0
2132,0.408757001162,0,0
2133,0.544532537460,0,0
2134,0.477381676435,0,0
2135,0.503529846668,0,0
2136,0.455966025591,0,0
2137,0.561469495296,0,0
2138,0.449911057949,0,0
2139,0.481288909912,0,0
2140,0.397319525480,0,0
2141,0.504087865353,0,0
2142,0.517803132534,0,0
2143,0.480546981096,0,0
2144,0.428697794676,0,0
2145,0.499548465014,0,0
2146,0.502741813660,0,0
2147,0.459591060877,0,0
2148,0.434296905994,0,0
2149,0.525382399559,0,0
2150,0.576682806015,0,0
2151,0.439870059490,0,0
2152,0.447153806686,0,0
2153,0.513259410858,0,0
2154,0.432908535004,0,0
2155,0.423098087311,0,0
2156,0.563668549061,0,0
2157,0.457024067640,0,0
2158,0.501162230968,0,0
2159,0.489340126514,0,0
2160,0.538676440716,0,0
2161,0.490645945072,0,0
2162,0.516267776489,0,0
2163,0.485461145639,0,0
2164,0.429563701153,0,0
2165,0.520587921143,0,0
2166,0.423541039228,0,0
2167,0.415406435728,0,0
2168,0.458539992571,0,0
2169,0.432524949312,0,0
2170,0.431505739689,0,0
2171,0.370177686214,0,0
2172,0.461525112391,0,0
2173,0.481070458889,0,0
2174,0.606452286243,0,0
2175,0.553382217884,0,0
2176,0.542022466660,0,0
2177,0.499801009893,0,0
2178,0.457492142916,0,0
2179,0.495223283768,0,0
2180,0.432584434748,0,0
2181,0.544732630253,0,0
2182,0.502828061581,0,0
2183,0.507077336311,0,0
2184,0.550826907158,0,0
2185,0.513754248619,0,0
2186,0.422163277864,0,0
2187,0.435901165009,0,0
2188,0.520683169365,0,0
2189,0.411978989840,0,0
2190,0.476506024599,0,0
2191,0.533390879631,0,0
2192,0.454303413630,0,0
2193,0.544123768806,0,0
2194,0.493443936110,0,0
2195,0.510784566402,0,0
2196,0.483108967543,0,0
2197,0.498217612505,0,0
2198,0.557773470879,0,0
2199,0.425061970949,0,0
2200,0.395081818104,0,0
2201,0.525859117508,0,0
2202,0.554839730263,0,0
2203,0.411632776260,0,0
2204,0.554531216621,0,0
2205,0.507862389088,0,0
2206,0.530149638653,0,0
2207,0.488065540791,0,0
2208,0.528793036938,0,0
2209,0.561732292175,0,0
2210,0.647977590561,0,0
2211,0.491472631693,0,0
2212,0.517410457134,0,0
2213,0.495888620615,0,0
2214,0.571142852306,0,0
2215,0.516564309597,0,0
2216,0.421721041203,0,0
2217,0.452127784491,0,0
2218,0.483196824789,0,0
2219,0.458194851875,0,0
2220,0.420651823282,0,0
2221,0.631895959377,0,0
2222,0.440905839205,0,0
2223,0.480190008879,0,0
2224,0.511649310589,0,0
2225,0.597020864487,0,0
2226,0.415864884853,0,0
2227,0.600813090801,0,0
2228,0.479113996029,0,0
2229,0.558813631535,0,0
2230,0.440230131149,0,0
2231,0.516856133938,0,0
2232,0.472827792168,0,0
2233,0.427201688290,0,0
2234,0.568474352360,0,0
2235,0.572617352009,0,0
2236,0.461671650410,0,0
2237,0.415862113237,0,0
2238,0.439349383116,0,0
2239,0.513730883598,0,0
2240,0.552680611610,0,0
2241,0.491628885269,0,0
2242,0.436697483063,0,0
2243,0.563391387463,0,0
2244,0.538180112839,0,0
2245,0.457227051258,0,0
2246,0.520491242409,0,0
2247,0.483279556036,0,0
2248,0.448667794466,0,0
2249,0.409559935331,0,0
2250,0.474346667528,0,0
2251,0.433581113815,0,0
2252,0.393704742193,0,0
2253,0.452640920877,0,0
2254,0.551519453526,0,0
2255,0.590755939484,0,0
2256,0.511428177357,0,0
2257,0.619754910469,0,0
2258,0.432989805937,0,0
2259,0.543408036232,0,0
2260,0.409915357828,0,0
2261,0.463404566050,0,0
2262,0.494012087584,0,0
2263,0.487068384886,0,0
2264,0.485134422779,0,0
2265,0.453317970037,0,0
2266,0.508168578148,0,0
2267,0.418355435133,0,0
2268,0.483455479145,0,0
2269,0.563261628151,0,0
2270,0.556413292885,0,0
2271,0.477107614279,0,0
2272,0.504053354263,0,0
2273,0.508939683437,0,0
2274,0.427710652351,0,0
2275,0.440904498100,0,0
2276,0.496223002672,0,0
2277,0.470265835524,0,0
2278,0.483106732368,0,0
2279,0.429987341166,0,0
2280,0.456612050533,0,0
2281,0.486131340265,0,0
2282,0.585048437119,0,0
2283,0.501852512360,0,0
2284,0.530099034309,0,0
2285,0.440842658281,0,0
2286,0.397006839514,0,0
2287,0.514165103436,0,0
2288,0.465084165335,0,0
2289,0.658117532730,0,0
2290,0.452043533325,0,0
2291,0.557276785374,0,0
2292,0.540469348431,0,0
2293,0.542121708393,0,0
2294,0.479102134705,0,0
2295,0.484369993210,0,0
2296,0.421261489391,0,0
2297,0.474012821913,0,0
2298,0.567714273930,0,0
2299,0.470274686813,0,0
2300,0.498370528221,0,0
2301,0.493680983782,0,0
2302,0.560017645359,0,0
2303,0.521971285343,0,0
2304,0.489456355572,0,0
2305,0.503656566143,0,0
2306,0.500338196754,0,0
2307,0.599781572819,0,0
2308,0.471195966005,0,0
2309,0.651438534260,0,0
2310,0.576716661453,0,0
2311,0.514212965965,0,0
2312,0.462873876095,0,0
2313,0.477596133947,0,0
2314,0.467205852270,0,0
2315,0.448096245527,0,0
2316,0.465591430664,0,0
2317,0.503143191338,0,0
2318,0.504527568817,0,0
2319,0.513870060444,0,0
2320,0.436279922724,0,0
2321,0.368191719055,0,0
2322,0.473225742579,0,0
2323,0.524871289730,0,0
2324,0.438099354506,0,0
2325,0.474541932344,0,0
2326,0.488998681307,0,0
2327,0.448798775673,0,0
2328,0.499761432409,0,0
2329,0.482463359833,0,0
2330,0.471750289202,0,0
2331,0.455053448677,0,0
2332,0.542080819607,0,0
2333,0.550398588181,0,0
2334,0.402485489845,0,0
2335,0.371273994446,0,0
2336,0.505548238754,0,0
2337,0.540258407593,0,0
2338,0.550223350525,0,0
2339,0.467640668154,0,0
2340,0.509576559067,0,0
2341,0.505415499210,0,0
2342,0.654306828976,0,0
2343,0.470719039440,0,0
2344,0.534830093384,0,0
2345,0.493627578020,0,0
2346,0.545389771461,0,0
2347,0.428894162178,0,0
2348,0.439824759960,0,0
2349,0.487407714128,0,0
2350,0.539590120316,0,0
2351,0.483870178461,0,0
2352,0.624608755112,0,0
2353,0.526648700237,0,0
2354,0.511610805988,0,0
2355,0.511257410049,0,0
2356,0.483946204185,0,0
2357,0.511260330677,0,0
2358,0.477582275867,0,0
2359,0.435372233391,0,0
2360,0.567782461643,0,0
2361,0.625658094883,0,0
2362,0.369924724102,0,0
2363,0.486087471247,0,0
2364,0.470580309629,0,0
2365,0.489321976900,0,0
2366,0.455574005842,0,0
2367,0.507895171642,0,0
2368,0.539232790470,0,0
2369,0.423598378897,0,0
2370,0.473392337561,0,0
2371,0.511469066143,0,0
2372,0.449834465981,0,0
2373,0.540746390820,0,0
2374,0.405939728022,0,0
2375,0.484165370464,0,0
2376,0.450134068727,0,0
2377,0.388179689646,0,0
2378,0.483414620161,0,0
2379,0.454511731863,0,0
2380,0.441957533360,0,0
2381,0.462496966124,0,0
2382,0.479437232018,0,0
2383,0.551037311554,0,0
2384,0.502668738365,0,0
2385,0.459759324789,0,0
2386,0.468027770519,0,0
2387,0.387239903212,0,0
2388,0.466816931963,0,0
2389,0.477475613356,0,0
2390,0.494761258364,0,0
2391,0.439103364944,0,0
2392,0.528714358807,0,0
2393,0.534917116165,0,0
2394,0.500244796276,0,0
2395,0.474300682545,0,0
2396,0.498284012079,0,0
2397,0.572933793068,0,0
2398,0.469868034124,0,0
2399,0.434417366982,0,0
2400,0.469360500574,0,0
2401,0.482662498951,0,0
2402,0.572072625160,0,0
2403,0.458373337984,0,0
2404,0.463635891676,0,0
2405,0.505692005157,0,0
2406,0.538095295429,0,0
2407,0.420382410288,0,0
2408,0.474864453077,0,0
2409,0.450344443321,0,0
2410,0.480331569910,0,0
2411,0.443116724491,0,0
2412,0.456958264112,0,0
2413,0.491905838251,0,0
2414,0.488481193781,0,0
2415,0.464929461479,0,0
2416,0.536457479000,0,0
2417,0.636403739452,0,0
2418,0.398185849190,0,0
2419,0.506480991840,0,0
2420,0.475953668356,0,0
2421,0.448840767145,0,0
2422,0.462068974972,0,0
2423,0.434997260571,0,0
2424,0.453233063221,0,0
2425,0.422929316759,0,0
2426,0.404634088278,0,0
2427,0.473822981119,0,0
2428,0.519294619560,0,0
2429,0.470900774002,0,0
2430,0.494167506695,0,0
2431,0.467364996672,0,0
2432,0.390929579735,0,0
2433,0.411184668541,0,0
2434,0.499905914068,0,0
2435,0.538428544998,0,0
2436,0.496637076139,0,0
2437,0.571234583855,0,0
2438,0.532985210419,0,0
2439,0.475765764713,0,0
2440,0.542363822460,0,0
2441,0.495500594378,0,0
2442,0.391392558813,0,0
2443,0.500176191330,0,0
2444,0.548878848553,0,0
2445,0.538346648216,0,0
2446,0.466528654099,0,0
2447,0.475135415792,0,0
2448,0.482599109411,0,0
2449,0.525227546692,0,0
2450,0.402798712254,0,0
2451,0.524761438370,0,0
2452,0.482702940702,0,0
2453,0.544981479645,0,0
2454,0.489239960909,0,0
2455,0.567459046841,0,0
2456,0.464829981327,0,0
2457,0.509345054626,0,0
2458,0.490243494511,0,0
2459,0.543942451477,0,0
2460,0.442339986563,0,0
2461,0.460130900145,0,0
2462,0.532938659191,0,0
2463,0.459993213415,0,0
2464,0.571295619011,0,0
2465,0.476938754320,0,0
2466,0.541830360889,0,0
2467,0.432639509439,0,0
2468,0.490280777216,0,0
2469,0.578919887543,0,0
2470,0.476900547743,0,0
2471,0.422414332628,0,0
2472,0.386355608702,0,0
2473,0.532258987427,0,0
2474,0.536942660809,0,0
2475,0.621156275272,0,0
2476,0.536573767662,0,0
2477,0.470916062593,0,0
2478,0.451986134052,0,0
2479,0.581453263760,0,0
2480,0.505753159523,0,0
2481,0.493819981813,0,0
2482,0.446925401688,0,0
2483,0.465224355459,0,0
2484,0.477855682373,0,0
2485,0.504473805428,0,0
2486,0.491523474455,0,0
2487,0.526854932308,0,0
2488,0.452495634556,0,0
2489,0.514911711216,0,0
2490,0.670844793320,0,0
2491,0.588911056519,0,0
2492,0.565009415150,0,0
2493,0.454297006130,0,0
2494,0.466123670340,0,0
2495,0.624705553055,0,0
2496,0.492856740952,0,0
2497,0.466265201569,0,0
2498,0.446495473385,0,0
2499,0.475850433111,0,0
2500,0.475709885359,0,0
2501,0.483251929283,0,0
2502,0.551401317120,0,0
2503,0.467424571514,0,0
2504,0.394697785378,0,0
2505,0.553244054317,0,0
2506,0.396481812000,0,0
2507,0.513863861561,0,0
2508,0.594428420067,0,0
2509,0.449435323477,0,0
2510,0.566927313805,0,0
2511,0.646215379238,0,0
2512,0.456663399935,0,0
2513,0.496421694756,0,0
2514,0.424036085606,0,0
2515,0.465739935637,0,0
2516,0.522353172302,0,0
2517,0.510548949242,0,0
2518,0.631211280823,0,0
2519,0.452356547117,0,0
2520,0.446159899235,0,0
2521,0.413034200668,0,0
2522,0.452274382114,0,0
2523,0.402823030949,0,0
2524,0.450663536787,0,0
2525,0.489515095949,0,0
2526,0.552541673183,0,0
2527,0.457250595093,0,0
2528,0.429368466139,0,0
2529,0.439652591944,0,0
2530,0.458194792271,0,0
2531,0.545122921467,0,0
2532,0.488691002131,0,0
2533,0.467788189650,0,0
2534,0.518483102322,0,0
2535,0.579934358597,0,0
2536,0.486123085022,0,0
2537,0.497542262077,0,0
2538,0.505032598972,0,0
2539,0.425744563341,0,0
2540,0.483350664377,0,0
2541,0.597674846649,0,0
2542,0.533730983734,0,0
2543,0.423022061586,0,0
2544,0.590182840824,0,0
2545,0.451189786196,0,0
2546,0.431130945683,0,0
2547,0.497186809778,0,0
2548,0.494666635990,0,0
2549,0.452499449253,0,0
2550,0.502923250198,0,0
2551,0.480438351631,0,0
2552,0.498006165028,0,0
2553,0.504581868649,0,0
2554,0.473256349564,0,0
2555,0.446144133806,0,0
2556,0.580303609371,0,0
2557,0.543893039227,0,0
2558,0.438433617353,0,0
2559,0.459677457809,0,0
2560,0.481208443642,0,0
2561,0.468982726336,0,0
2562,0.469646215439,0,0
2563,0.552560269833,0,0
2564,0.486866503954,0,0
2565,0.528007686138,0,0
2566,0.505345165730,0,0
2567,0.502876162529,0,0
2568,0.522354245186,0,0
2569,0.458277434111,0,0
2570,0.489976704121,0,0
2571,0.466030955315,0,0
2572,0.600567698479,0,0
2573,0.527347207069,0,0
2574,0.477628171444,0,0
2575,0.425298124552,0,0
2576,0.515057921410,0,0
2577,0.513259649277,0,0
2578,0.467402249575,0,0
2579,0.476001679897,0,0
2580,0.608289003372,0,0
2581,0.469675928354,0,0
2582,0.617172360420,0,0
2583,0.468527376652,0,0
2584,0.486295819283,0,0
2585,0.452001839876,0,0
2586,0.435318499804,0,0
2587,0.532607078552,0,0
2588,0.669302284718,0,0
2589,0.642863392830,0,0
2590,0.412557303905,0,0
2591,0.430811971426,0,0
2592,0.521957993507,0,0
2593,0.511522591114,0,0
2594,0.465269595385,0,0
2595,0.504747092724,0,0
2596,0.396878361702,0,0
2597,0.518242120743,0,0
2598,0.495477497578,0,0
2599,0.562771558762,0,0
2600,0.433254957199,0,0
2601,0.420577466488,0,0
2602,0.438349843025,0,0
2603,0.487328052521,0,0
2604,0.377471119165,0,0
2605,0.498328059912,0,0
2606,0.430365383625,0,0
2607,0.476328164339,0,0
2608,0.432039916515,0,0
2609,0.424062430859,0,0
2610,0.584794878960,0,0
2611,0.516594767570,0,0
2612,0.501034677029,0,0
2613,0.448797494173,0,0
2614,0.594189882278,0,0
2615,0.522472739220,0,0
2616,0.448409020901,0,0
2617,0.450069278479,0,0
2618,0.447533130646,0,0
2619,0.673159658909,0,0
2620,0.422792106867,0,0
2621,0.430359184742,0,0
2622,0.494596034288,0,0
2623,0.540375590324,0,0
2624,0.583403468132,0,0
2625,0.476196825504,0,0
2626,0.447558313608,0,0
2627,0.469803869724,0,0
2628,0.491725981236,0,0
2629,0.591361045837,0,0
2630,0.486766785383,0,0
2631,0.453451961279,0,0
2632,0.543152093887,0,0
2633,0.588475942612,0,0
2634,0.403569906950,0,0
2635,0.540489315987,0,0
2636,0.521509706974,0,0
2637,0.520511686802,0,0
2638,0.566833138466,0,0
2639,0.611032366753,0,0
2640,0.431919902563,0,0
2641,0.513286232948,0,0
2642,0.439991086721,0,0
2643,0.507521390915,0,0
2644,0.475260108709,0,0
2645,0.424557685852,0,0
2646,0.491374045610,0,0
2647,0.522739231586,0,0
2648,0.515602409840,0,0
2649,0.441508650780,0,0
2650,0.518648505211,0,0
2651,0.468203872442,0,0
2652,0.486527293921,0,0
2653,0.501486480236,0,0
2654,0.431567341089,0,0
2655,0.497294723988,0,0
2656,0.474108815193,0,0
2657,0.557980179787,0,0
2658,0.459228992462,0,0
2659,0.496581971645,0,0
2660,0.466552406549,0,0
2661,0.480484873056,0,0
2662,0.413609981537,0,0
2663,0.525356471539,0,0
2664,0.480970233679,0,0
2665,0.408694028854,0,0
2666,0.403758794069,0,0
2667,0.536155223846,0,0
2668,0.482177376747,0,0
2669,0.504871845245,0,0
2670,0.642281711102,0,0
2671,0.507538676262,0,0
2672,0.396056860685,0,0
2673,0.500763833523,0,0
2674,0.429389625788,0,0
2675,0.466955512762,0,0
2676,0.425366252661,0,0
2677,0.543491482735,0,0
2678,0.462386906147,0,0
2679,0.641027867794,0,0
2680,0.406192749739,0,0
2681,0.537843644619,0,0
2682,0.443006515503,0,0
2683,0.514435172081,0,0
2684,0.425299227238,0,0
2685,0.583249211311,0,0
2686,0.508628785610,0,0
2687,0.561946570873,0,0
2688,0.512515425682,0,0
2689,0.461096733809,0,0
2690,0.664483308792,0,0
2691,0.428072750568,0,0
2692,0.468881040812,0,0
2693,0.393777519464,0,0
2694,0.462342530489,0,0
2695,0.526648283005,0,0
2696,0.639480471611,0,0
2697,0.562931656837,0,0
2698,0.517765641212,0,0
2699,0.542950451374,0,0
2700,0.459838330746,0,0
2701,0.434593051672,0,0
2702,0.496529489756,0,0
2703,0.487126171589,0,0
2704,0.483637392521,0,0
2705,0.479670405388,0,0
2706,0.542441487312,0,0
2707,0.590711891651,0,0
2708,0.516288936138,0,0
2709,0.478298693895,0,0
2710,0.521695435047,0,0
2711,0.526297748089,0,0
2712,0.519464492798,0,0
2713,0.408446878195,0,0
2714,0.556327104568,0,0
2715,0.475806802511,0,0
2716,0.443511456251,0,0
2717,0.414977461100,0,0
2718,0.488948673010,0,0
2719,0.556333959103,0,0
2720,0.537601649761,0,0
2721,0.528073132038,0,0
2722,0.588858187199,0,0
2723,0.511627852917,0,0
2724,0.449051678181,0,0
2725,0.421831607819,0,0
2726,0.455349981785,0,0
2727,0.456874042749,0,0
2728,0.517548441887,0,0
2729,0.544140696526,0,0
2730,0.488698035479,0,0
2731,0.508643865585,0,0
2732,0.544954240322,0,0
2733,0.487210154533,0,0
2734,0.478226810694,0,0
2735,0.481949359179,0,0
2736,0.569728970528,0,0
2737,0.443413943052,0,0
2738,0.494289249182,0,0
2739,0.473595023155,0,0
2740,0.585142612457,0,0
2741,0.596296846867,0,0
2742,0.585483849049,0,0
2743,0.422532379627,0,0
2744,0.520188033581,0,0
2745,0.472092270851,0,0
2746,0.446466207504,0,0
2747,0.502190649509,0,0
2748,0.507961153984,0,0
2749,0.441180020571,0,0
2750,0.461108267307,0,0
2751,0.454441696405,0,0
2752,0.464197695255,0,0
2753,0.463315963745,0,0
2754,0.485788762569,0,0
2755,0.463802367449,0,0
2756,0.424765497446,0,0
2757,0.416394382715,0,0
2758,0.484462261200,0,0
2759,0.532142996788,0,0
2760,0.533191084862,0,0
2761,0.477491289377,0,0
2762,0.530679166317,0,0
2763,0.468607932329,0,0
2764,0.548243343830,0,0
2765,0.493845880032,0,0
2766,0.552869558334,0,0
2767,0.477207511663,0,0
2768,0.458371013403,0,0
2769,0.430626600981,0,0
2770,0.505537807941,0,0
2771,0.564244806767,0,0
2772,0.385850638151,0,0
2773,0.451276302338,0,0
2774,0.589966595173,0,0
2775,0.437242954969,0,0
2776,0.438457578421,0,0
2777,0.445599585772,0,0
2778,0.439591735601,0,0
2779,0.494454860687,0,0
2780,0.356974989176,0,0
2781,0.400170385838,0,0
2782,0.512033343315,0,0
2783,0.403192818165,0,0
2784,0.544647932053,0,0
2785,0.383475840092,0,0
2786,0.525278568268,0,0
2787,0.530071437359,0,0
2788,0.390304327011,0,0
2789,0.536823451519,0,0
2790,0.505515217781,0,0
2791,0.528712213039,0,0
2792,0.506356358528,0,0
2793,0.538485765457,0,0
2794,0.415553510189,0,0
2795,0.465143769979,0,0
2796,0.642526984215,0,0
2797,0.433815151453,0,0
2798,0.430094391108,0,0
2799,0.412349224091,0,0
2800,0.459246128798,0,0
2801,0.447291553020,0,0
2802,0.489639163017,0,0
2803,0.478945195675,0,0
2804,0.523677825928,0,0
2805,0.516769647598,0,0
2806,0.648698210716,0,0
2807,0.564499437809,0,0
2808,0.446718126535,0,0
2809,0.408951073885,0,0
2810,0.416010200977,0,0
2811,0.425611764193,0,0
2812,0.432376831770,0,0
2813,0.429877907038,0,0
2814,0.463984698057,0,0
2815,0.586827158928,0,0
2816,0.491985052824,0,0
2817,0.517016470432,0,0
2818,0.500061273575,0,0
2819,0.432945400476,0,0
2820,0.463974058628,0,0
2821,0.512829840183,0,0
2822,0.511597454548,0,0
2823,0.433445066214,0,0
2824,0.416448831558,0,0
2825,0.447672367096,0,0
2826,0.468867093325,0,0
2827,0.562140941620,0,0
2828,0.594046473503,0,0
2829,0.481479555368,0,0
2830,0.546328306198,0,0
2831,0.437805145979,0,0
2832,0.413232773542,0,0
2833,0.481942147017,0,0
2834,0.474042713642,0,0
2835,0.431164294481,0,0
2836,0.375912994146,0,0
2837,0.561501026154,0,0
2838,0.547599613667,0,0
2839,0.442386269569,0,0
2840,0.441964089870,0,0
2841,0.549500405788,0,0
2842,0.554929554462,0,0
2843,0.486576646566,0,0
2844,0.554388523102,0,0
2845,0.635780632496,0,0
2846,0.502171218395,0,0
2847,0.392468929291,0,0
2848,0.483888953924,0,0
2849,0.459043532610,0,0
2850,0.620711088181,0,0
2851,0.485818892717,0,0
2852,0.523936867714,0,0
2853,0.389030665159,0,0
2854,0.478420495987,0,0
2855,0.462068229914,0,0
2856,0.359024465084,0,0
2857,0.453811407089,0,0
2858,0.508375823498,0,0
2859,0.417906939983,0,0
2860,0.571089029312,0,0
2861,0.494117021561,0,0
2862,0.481990545988,0,0
2863,0.491794019938,0,0
2864,0.546197116375,0,0
2865,0.572507917881,0,0
2866,0.568193435669,0,0
2867,0.618284463882,0,0
2868,0.419637709856,0,0
2869,0.520223796368,0,0
2870,0.417058408260,0,0
2871,0.511660993099,0,0
2872,0.392813116312,0,0
2873,0.488980919123,0,0
2874,0.512783288956,0,0
2875,0.508847534657,0,0
2876,0.407864749432,0,0
2877,0.516233444214,0,0
2878,0.434893339872,0,0
2879,0.519385695457,0,0
2880,0.436859160662,0,0
2881,0.472901821136,0,0
2882,0.469970464706,0,0
2883,0.560079932213,0,0
2884,0.444510489702,0,0
2885,0.559722542763,0,0
2886,0.537790894508,0,0
2887,0.417448729277,0,0
2888,0.538090229034,0,0
2889,0.487027704716,0,0
2890,0.587993502617,0,0
2891,0.564329326153,0,0
2892,0.574375569820,0,0
2893,0.546074688435,0,0
2894,0.521618962288,0,0
2895,0.542672753334,0,0
2896,0.552630782127,0,0
2897,0.473409175873,0,0
2898,0.579956352711,0,0
2899,0.538729965687,0,0
2900,0.479764550924,0,0
2901,0.398766070604,0,0
2902,0.534362137318,0,0
2903,0.509020030499,0,0
2904,0.464533478022,0,0
2905,0.423212379217,0,0
2906,0.615982830524,0,0
2907,0.467676848173,0,0
2908,0.456687808037,0,0
2909,0.426516443491,0,0
2910,0.472010433674,0,0
2911,0.418025195599,0,0
2912,0.528888106346,0,0
2913,0.463887691498,0,0
2914,0.408801853657,0,0
2915,0.365121871233,0,0
2916,0.444740027189,0,0
2917,0.489820718765,0,0
2918,0.458241373301,0,0
2919,0.458738446236,0,0
2920,0.433443784714,0,0
2921,0.477794528008,0,0
2922,0.515738487244,0,0
2923,0.388843029737,0,0
2924,0.479311674833,0,0
2925,0.427792966366,0,0
2926,0.523033261299,0,0
2927,0.511594951153,0,0
2928,0.462486833334,0,0
2929,0.535372078419,0,0
2930,0.409300267696,0,0
2931,0.500082314014,0,0
2932,0.472194015980,0,0
2933,0.473342686892,0,0
2934,0.444981962442,0,0
2935,0.466084659100,0,0
2936,0.478039741516,0,0
2937,0.478258281946,0,0
2938,0.444146245718,0,0
2939,0.499337613583,0,0
2940,0.420276522636,0,0
2941,0.499004453421,0,0
2942,0.441476345062,0,0
2943,0.525751948357,0,0
2944,0.538953065872,0,0
2945,0.447763651609,0,0
2946,0.495460361242,0,0
2947,0.461094766855,0,0
2948,0.549935221672,0,0
2949,0.508667469025,0,0
2950,0.513618230820,0,0
2951,0.458188861609,0,0
2952,0.587334275246,0,0
2953,0.508349835873,0,0
2954,0.543516695499,0,0
2955,0.508754611015,0,0
2956,0.495862811804,0,0
2957,0.417510658503,0,0
2958,0.544907510281,0,0
2959,0.509863257408,0,0
2960,0.420021057129,0,0
2961,0.615010440350,0,0
2962,0.561784803867,0,0
2963,0.502090334892,0,0
2964,0.431972086430,0,0
2965,0.534984648228,0,0
2966,0.353198289871,0,0
2967,0.466958343983,0,0
2968,0.497162252665,0,0
2969,0.577980995178,0,0
2970,0.514279484749,0,0
2971,0.469400763512,0,0
2972,0.443734645844,0,0
2973,0.412754386663,0,0
2974,0.472268432379,0,0
2975,0.498488456011,0,0
2976,0.477739751339,0,0
